,股票代码,净利润-同比增长,净利润-净利润,公告日期,accounting_period
0,688508,,,2023-08-16,2022-12-31
1,603881,,,2023-08-16,2022-12-31
2,600926,,,2023-08-16,2022-12-31
3,600109,,,2023-08-16,2022-12-31
4,000411,,,2023-08-16,2022-12-31
5,603997,,,2023-08-15,2022-12-31
6,601696,,,2023-08-15,2022-12-31
7,601688,,,2023-08-15,2022-12-31
8,601377,,,2023-08-15,2022-12-31
9,601136,,,2023-08-15,2022-12-31
10,601128,,,2023-08-15,2022-12-31
11,600958,,,2023-08-15,2022-12-31
12,600918,,,2023-08-15,2022-12-31
13,600728,,,2023-08-15,2022-12-31
14,002418,,,2023-08-15,2022-12-31
15,001311,,,2023-08-15,2022-12-31
16,601456,,,2023-08-12,2022-12-31
17,688183,,,2023-08-10,2022-12-31
18,603163,,,2023-08-10,2022-12-31
19,600183,,,2023-08-10,2022-12-31
20,600000,,,2023-08-10,2022-12-31
21,300857,,,2023-08-10,2022-12-31
22,002609,,,2023-08-10,2022-12-31
23,000028,,,2023-08-09,2022-12-31
24,603496,,,2023-08-08,2022-12-31
25,300722,,,2023-08-08,2022-12-31
26,002472,,,2023-08-08,2022-12-31
27,603328,,,2023-08-07,2022-12-31
28,002939,,,2023-08-07,2022-12-31
29,000423,,,2023-08-07,2022-12-31
30,688335,,,2023-08-05,2022-12-31
31,688212,,,2023-08-05,2022-12-31
32,688073,,,2023-08-05,2022-12-31
33,605337,,,2023-08-05,2022-12-31
34,603683,,,2023-08-05,2022-12-31
35,601890,,,2023-08-05,2022-12-31
36,600761,,,2023-08-05,2022-12-31
37,600572,,,2023-08-05,2022-12-31
38,600517,,,2023-08-05,2022-12-31
39,600267,,,2023-08-05,2022-12-31
40,600123,,,2023-08-05,2022-12-31
41,600085,,,2023-08-05,2022-12-31
42,002299,,,2023-08-05,2022-12-31
43,000155,,,2023-08-05,2022-12-31
44,605016,,,2023-08-04,2022-12-31
45,603679,,,2023-08-04,2022-12-31
46,603628,,,2023-08-04,2022-12-31
47,603551,,,2023-08-04,2022-12-31
48,603220,,,2023-08-04,2022-12-31
49,603090,,,2023-08-04,2022-12-31
50,603083,,,2023-08-04,2022-12-31
51,600732,,,2023-08-04,2022-12-31
52,600502,,,2023-08-04,2022-12-31
53,600418,,,2023-08-04,2022-12-31
54,600351,,,2023-08-04,2022-12-31
55,300997,,,2023-08-04,2022-12-31
56,300681,,,2023-08-04,2022-12-31
57,002683,,,2023-08-04,2022-12-31
58,688235,,,2023-08-03,2022-12-31
59,603758,,,2023-08-03,2022-12-31
60,603519,,,2023-08-03,2022-12-31
61,601012,,,2023-08-03,2022-12-31
62,600919,,,2023-08-03,2022-12-31
63,600066,,,2023-08-03,2022-12-31
64,300452,,,2023-08-03,2022-12-31
65,600801,,,2023-08-02,2022-12-31
66,300979,,,2023-08-02,2022-12-31
67,002184,,,2023-08-01,2022-12-31
68,002030,,,2023-07-31,2022-12-31
69,688016,,,2023-07-29,2022-12-31
70,601211,,,2023-07-29,2022-12-31
71,600606,,,2023-07-29,2022-12-31
72,002859,,,2023-07-29,2022-12-31
73,002302,,,2023-07-29,2022-12-31
74,002287,,,2023-07-29,2022-12-31
75,002233,,,2023-07-29,2022-12-31
76,002140,,,2023-07-29,2022-12-31
77,603896,,,2023-07-27,2022-12-31
78,603282,,,2023-07-27,2022-12-31
79,601788,,,2023-07-27,2022-12-31
80,601231,,,2023-07-27,2022-12-31
81,002243,,,2023-07-27,2022-12-31
82,002032,,,2023-07-27,2022-12-31
83,001227,,,2023-07-27,2022-12-31
84,688252,,,2023-07-26,2022-12-31
85,002380,,,2023-07-26,2022-12-31
86,600420,,,2023-07-25,2022-12-31
87,301339,,,2023-07-25,2022-12-31
88,603689,,,2023-07-24,2022-12-31
89,002315,,,2023-07-24,2022-12-31
90,000156,,,2023-07-24,2022-12-31
91,603019,,,2023-07-22,2022-12-31
92,601116,,,2023-07-22,2022-12-31
93,600131,,,2023-07-22,2022-12-31
94,002801,,,2023-07-22,2022-12-31
95,002540,,,2023-07-22,2022-12-31
96,002158,,,2023-07-22,2022-12-31
97,000906,,,2023-07-22,2022-12-31
98,601952,,,2023-07-21,2022-12-31
99,688257,,,2023-07-20,2022-12-31
100,601958,,,2023-07-20,2022-12-31
101,600917,,,2023-07-20,2022-12-31
102,300818,,,2023-07-20,2022-12-31
103,002238,,,2023-07-20,2022-12-31
104,000719,,,2023-07-20,2022-12-31
105,601878,,,2023-07-19,2022-12-31
106,601528,,,2023-07-19,2022-12-31
107,600101,,,2023-07-19,2022-12-31
108,300824,,,2023-07-19,2022-12-31
109,000528,,,2023-07-19,2022-12-31
110,603100,,,2023-07-18,2022-12-31
111,000582,,,2023-07-18,2022-12-31
112,688778,,,2023-07-15,2022-12-31
113,603053,,,2023-07-15,2022-12-31
114,601678,,,2023-07-15,2022-12-31
115,600710,,,2023-07-15,2022-12-31
116,600549,,,2023-07-15,2022-12-31
117,000537,,,2023-07-15,2022-12-31
118,603043,,,2023-07-14,2022-12-31
119,600436,,,2023-07-14,2022-12-31
120,600161,,,2023-07-14,2022-12-31
121,300425,,,2023-07-14,2022-12-31
122,300394,,,2023-07-14,2022-12-31
123,001979,,,2023-07-14,2022-12-31
124,603866,,,2023-07-13,2022-12-31
125,000928,,,2023-07-13,2022-12-31
126,601139,,,2023-07-12,2022-12-31
127,002911,,,2023-07-12,2022-12-31
128,002236,,,2023-07-12,2022-12-31
129,002028,,,2023-07-12,2022-12-31
130,000728,,,2023-07-12,2022-12-31
131,000563,,,2023-07-11,2022-12-31
132,601888,,,2023-07-08,2022-12-31
133,600674,,,2023-07-08,2022-12-31
134,000915,,,2023-07-08,2022-12-31
135,600048,,,2023-07-07,2022-12-31
136,600428,,,2023-07-06,2022-12-31
137,300962,,,2023-07-03,2022-12-31
138,002564,-469.024936085324,-3945162327.58,2023-06-29,2022-12-31
139,688225,-44.846691276054,98550800.0,2023-04-28,2022-12-31
140,688561,110.27692494055,57011200.0,2023-04-27,2022-12-31
141,688298,-57.974893276946,2067714300.0,2023-04-26,2022-12-31
142,688193,-63.893835252707,23331400.0,2023-04-26,2022-12-31
143,688189,52.763067225128,-78832300.0,2023-04-26,2022-12-31
144,603008,-57.486411754705,237546800.0,2023-04-26,2022-12-31
145,688141,-3.391440379483,137160035.6,2023-04-25,2022-12-31
146,688022,20.900124825466,73513200.0,2023-04-25,2022-12-31
147,688010,-35.048891178273,29253200.0,2023-04-25,2022-12-31
148,603026,-24.429522663417,890526978.17,2023-04-25,2022-12-31
149,002792,98.274022962198,81530630.0,2023-04-25,2022-12-31
150,688590,-136.779453423183,-51939208.16,2023-04-24,2022-12-31
151,601066,,,2023-04-24,2022-12-31
152,688228,61.086464876328,98029941.19,2023-04-22,2022-12-31
153,688068,-56.77772809262,944736600.0,2023-04-22,2022-12-31
154,600909,,,2023-04-22,2022-12-31
155,688793,-235.455830981071,-124432300.0,2023-04-21,2022-12-31
156,601555,,,2023-04-21,2022-12-31
157,300842,-118.44229616642,-17323900.0,2023-04-21,2022-12-31
158,300427,110.35216666837,65824200.0,2023-04-21,2022-12-31
159,000049,9.126577036611,866209024.46,2023-04-21,2022-12-31
160,688147,17.42822631886,54150500.0,2023-04-20,2022-12-31
161,603619,,,2023-04-20,2022-12-31
162,603108,9.867030359169,417746458.24,2023-04-20,2022-12-31
163,688362,-57.112004030292,138131472.1,2023-04-19,2022-12-31
164,688329,7.124459657947,102397700.0,2023-04-19,2022-12-31
165,300587,37.442968014827,415636097.96,2023-04-19,2022-12-31
166,688275,171.898959056841,958698600.0,2023-04-18,2022-12-31
167,688048,8.499658331339,125117900.0,2023-04-18,2022-12-31
168,603507,-47.224311410789,94598324.96,2023-04-18,2022-12-31
169,600297,-265.922009642672,-2668883400.0,2023-04-18,2022-12-31
170,601028,-20.038296525553,291324128.61,2023-04-17,2022-12-31
171,600521,139.244074775779,1166398880.4,2023-04-17,2022-12-31
172,002976,46.65553701351,66915362.84,2023-04-17,2022-12-31
173,688659,-91.154225096615,6231600.0,2023-04-15,2022-12-31
174,688272,-211.878692264624,-85524100.0,2023-04-15,2022-12-31
175,688258,21.013559201395,51005400.0,2023-04-15,2022-12-31
176,603800,398.993626003288,106446884.7,2023-04-15,2022-12-31
177,603203,1.969088281677,272928130.61,2023-04-15,2022-12-31
178,600596,11.343139753448,2955587500.0,2023-04-15,2022-12-31
179,300919,64.397225374969,1543611200.0,2023-04-15,2022-12-31
180,300767,14.519860601808,100164641.13,2023-04-15,2022-12-31
181,002930,-17.72777296978,223971000.0,2023-04-15,2022-12-31
182,002852,-117.704677134822,-417960392.43,2023-04-15,2022-12-31
183,002748,-7.888258598733,180162826.98,2023-04-15,2022-12-31
184,002699,-201.155746515879,-712350504.31,2023-04-15,2022-12-31
185,002576,-34.364151314853,67345400.0,2023-04-15,2022-12-31
186,002311,80.445355544023,2952515000.0,2023-04-15,2022-12-31
187,002278,-164.977663375314,-27927590.87,2023-04-15,2022-12-31
188,002263,-71.092228933449,70322141.01,2023-04-15,2022-12-31
189,002170,48.134676399356,119671660.84,2023-04-15,2022-12-31
190,002015,-37.18550754182,636601200.0,2023-04-15,2022-12-31
191,000985,19.980845298533,15408900.0,2023-04-15,2022-12-31
192,000968,84.607436222212,563313900.0,2023-04-15,2022-12-31
193,000966,584.540998725221,122832480.51,2023-04-15,2022-12-31
194,000937,62.233245208903,4444130400.0,2023-04-15,2022-12-31
195,000930,-6.262226715694,1058864667.31,2023-04-15,2022-12-31
196,000913,75.783154188851,417674854.39,2023-04-15,2022-12-31
197,000899,104.290713098755,10648400.0,2023-04-15,2022-12-31
198,000823,10.937064691091,416790207.84,2023-04-15,2022-12-31
199,000767,-17871.6843935304,-682562776.55,2023-04-15,2022-12-31
200,000686,,,2023-04-15,2022-12-31
201,000627,-41.77966351946,274051100.0,2023-04-15,2022-12-31
202,000600,104.659483446155,102988567.87,2023-04-15,2022-12-31
203,000554,13.857976604983,9372873.39,2023-04-15,2022-12-31
204,000430,-92.372967151746,-260046049.0,2023-04-15,2022-12-31
205,000166,,,2023-04-15,2022-12-31
206,605333,3988.11778072335,41066300.0,2023-04-14,2022-12-31
207,603712,,,2023-04-14,2022-12-31
208,603699,24.293645511886,469157800.0,2023-04-14,2022-12-31
209,603313,114.747599464745,40634400.0,2023-04-14,2022-12-31
210,603066,5.134678466114,132594700.0,2023-04-14,2022-12-31
211,601901,,,2023-04-14,2022-12-31
212,600481,208.428344011014,956525840.44,2023-04-14,2022-12-31
213,600023,-122.00956937799,-1856000000.0,2023-04-14,2022-12-31
214,301168,45.076834525696,115706633.65,2023-04-14,2022-12-31
215,300779,-78.95560735737,2473600.0,2023-04-14,2022-12-31
216,300777,195.880239680399,595505265.66,2023-04-14,2022-12-31
217,300703,691.651789958486,74943300.0,2023-04-14,2022-12-31
218,300623,-27.683470443726,359454300.0,2023-04-14,2022-12-31
219,300377,-76.597735563016,61499700.0,2023-04-14,2022-12-31
220,300322,-279.85430574822,-86100741.8,2023-04-14,2022-12-31
221,003017,15.308854266751,80726948.9,2023-04-14,2022-12-31
222,002535,104.295691328194,18418173.58,2023-04-14,2022-12-31
223,002371,118.368743279463,2352726657.86,2023-04-14,2022-12-31
224,605365,64.041024170501,494264300.0,2023-04-13,2022-12-31
225,603908,77.829483991356,139798849.65,2023-04-13,2022-12-31
226,603662,3.305875104305,259549772.94,2023-04-13,2022-12-31
227,603605,41.880442697665,817400223.93,2023-04-13,2022-12-31
228,603299,140.472891562661,803923000.0,2023-04-13,2022-12-31
229,603236,74.216877497136,623801300.0,2023-04-13,2022-12-31
230,603093,,,2023-04-13,2022-12-31
231,603081,,,2023-04-13,2022-12-31
232,002334,50.814364051146,274946500.0,2023-04-13,2022-12-31
233,688678,32.897982709878,162320400.0,2023-04-12,2022-12-31
234,688379,-80.714346686471,8718200.0,2023-04-12,2022-12-31
235,603959,-72.993609854419,7919623.1,2023-04-12,2022-12-31
236,603856,,,2023-04-12,2022-12-31
237,600731,32.09502671192,352269300.0,2023-04-12,2022-12-31
238,300881,40.321246342563,73450540.5,2023-04-12,2022-12-31
239,002929,20.21264905011,424331151.97,2023-04-12,2022-12-31
240,002733,135.442711326759,149445102.79,2023-04-12,2022-12-31
241,000821,107.042843015657,301935816.34,2023-04-12,2022-12-31
242,000557,5.450893774025,237975763.34,2023-04-12,2022-12-31
243,603185,76.684109251308,3023788243.09,2023-04-11,2022-12-31
244,600522,1663.97608666061,3213809200.0,2023-04-11,2022-12-31
245,600356,,,2023-04-11,2022-12-31
246,301158,22.581311587558,76497326.22,2023-04-11,2022-12-31
247,300838,25.253650146313,106798280.44,2023-04-11,2022-12-31
248,300479,29.754050267509,-115830864.56,2023-04-11,2022-12-31
249,300225,-2.180959438027,-113074398.73,2023-04-11,2022-12-31
250,002809,-20.227488403856,89945900.0,2023-04-11,2022-12-31
251,002324,750.98990936547,202094518.36,2023-04-11,2022-12-31
252,002225,174.176440674949,229632521.11,2023-04-11,2022-12-31
253,000729,54.507012514886,352293089.71,2023-04-11,2022-12-31
254,688603,21.420857722467,54615900.0,2023-04-10,2022-12-31
255,605507,30.434090947059,920904230.12,2023-04-10,2022-12-31
256,603888,15.034562759244,242165700.0,2023-04-10,2022-12-31
257,603787,1326.25344086116,162175000.0,2023-04-10,2022-12-31
258,603338,42.147205057385,1257239985.94,2023-04-10,2022-12-31
259,603195,14.159241286772,3174038717.44,2023-04-10,2022-12-31
260,603150,6.741929140043,149257776.77,2023-04-10,2022-12-31
261,601689,67.129577320266,1700131795.33,2023-04-10,2022-12-31
262,601339,16.364890350016,1595107239.67,2023-04-10,2022-12-31
263,600760,34.553511548777,2304914600.0,2023-04-10,2022-12-31
264,600756,51.393173155343,63782594.19,2023-04-10,2022-12-31
265,600499,323.295878637918,4257329200.0,2023-04-10,2022-12-31
266,600328,26.748370980118,1871955400.0,2023-04-10,2022-12-31
267,300982,-15.103904133652,255666800.0,2023-04-10,2022-12-31
268,300629,35.566584113574,131540924.99,2023-04-10,2022-12-31
269,300592,340.827749410479,210492693.69,2023-04-10,2022-12-31
270,300533,307.030645128706,130581962.03,2023-04-10,2022-12-31
271,300514,71.564880435983,98760566.29,2023-04-10,2022-12-31
272,002489,73.211244428113,216829300.0,2023-04-10,2022-12-31
273,002011,106.978053636026,839011469.61,2023-04-10,2022-12-31
274,000878,178.632426081526,1808746575.15,2023-04-10,2022-12-31
275,001317,-66.783107902945,15787970.86,2023-04-08,2022-12-31
276,600256,126.61206199141,11337656400.0,2023-04-07,2022-12-31
277,600004,-163.943187477317,-1071204611.73,2023-04-07,2022-12-31
278,300719,-539.446751776859,-45815400.0,2023-04-07,2022-12-31
279,301149,-34.547223463712,126985397.88,2023-04-06,2022-12-31
280,002829,33.845264599571,215584300.0,2023-04-06,2022-12-31
281,002580,301.306065888752,136249133.92,2023-04-06,2022-12-31
282,002518,75.818083505388,656153960.28,2023-04-06,2022-12-31
283,002123,-199.124284270798,-712256200.0,2023-04-06,2022-12-31
284,300217,70.343369573176,295977617.09,2023-04-04,2022-12-31
285,002937,93.194943540315,219082100.0,2023-04-04,2022-12-31
286,002427,136.679510684986,517281561.84,2023-04-04,2022-12-31
287,002322,204.110919665264,216071502.16,2023-04-04,2022-12-31
288,002093,-26.811655125797,71586313.71,2023-04-04,2022-12-31
289,300133,1.153487661166,405012900.0,2023-04-03,2022-12-31
290,002923,11.498806035675,155837792.1,2023-04-03,2022-12-31
291,002440,-22.788183357694,645194232.27,2023-04-03,2022-12-31
292,688217,-14.491155069918,40473558.8,2023-04-01,2022-12-31
293,688300,8.892791247872,188240500.97,2023-03-31,2022-12-31
294,603387,23.504348479912,492770000.0,2023-03-31,2022-12-31
295,600363,21.314840156932,281108200.0,2023-03-31,2022-12-31
296,301069,21.276321690734,234523025.32,2023-03-30,2022-12-31
297,001368,0.221033764944,131627700.0,2023-03-30,2022-12-31
298,001338,4.763487887914,156026087.46,2023-03-30,2022-12-31
299,605183,28.093052767826,384375100.0,2023-03-29,2022-12-31
300,601789,-16.129019256865,348690030.19,2023-03-29,2022-12-31
301,600754,18.67614765241,113490000.0,2023-03-29,2022-12-31
302,301383,-47.702479627427,68892900.0,2023-03-29,2022-12-31
303,002767,41.300062249827,32875066.05,2023-03-29,2022-12-31
304,688595,-97.076632511561,2795400.0,2023-03-28,2022-12-31
305,301320,-8.613811818634,67120900.0,2023-03-28,2022-12-31
306,300373,38.166454954692,1061261100.0,2023-03-28,2022-12-31
307,002353,42.31357107925,2257142221.89,2023-03-28,2022-12-31
308,002339,38.554716138031,-27849387.35,2023-03-28,2022-12-31
309,002135,-40.792598346164,291824801.7,2023-03-28,2022-12-31
310,301232,14.908895424677,89861400.0,2023-03-27,2022-12-31
311,600009,-88.937632886814,-2981856800.0,2023-03-25,2022-12-31
312,002935,-4.982495228505,112499900.85,2023-03-25,2022-12-31
313,001216,24.573294911418,170761018.19,2023-03-25,2022-12-31
314,600007,8.993636263935,1115870000.0,2023-03-24,2022-12-31
315,300303,-30.715800250701,188211661.09,2023-03-24,2022-12-31
316,688573,10.383733955761,66730400.0,2023-03-23,2022-12-31
317,600980,-11.633073072043,83474762.28,2023-03-23,2022-12-31
318,688519,-88.759777084722,44885200.0,2023-03-22,2022-12-31
319,688478,-26.468925341835,34544600.0,2023-03-22,2022-12-31
320,601038,55.416859391742,681051000.0,2023-03-22,2022-12-31
321,600037,60.073570462036,334333242.77,2023-03-22,2022-12-31
322,301170,-9.715711399941,72287200.0,2023-03-22,2022-12-31
323,002942,-26.529425118786,101296600.0,2023-03-22,2022-12-31
324,002728,40.409510437497,178204100.0,2023-03-22,2022-12-31
325,001373,-23.071620885617,61702200.0,2023-03-22,2022-12-31
326,000096,-18.522872959512,55163600.0,2023-03-22,2022-12-31
327,688591,-46.959462218126,50392600.0,2023-03-21,2022-12-31
328,600834,0.406826710134,72683370.14,2023-03-21,2022-12-31
329,301315,-1.618322734233,61514100.0,2023-03-20,2022-12-31
330,301302,11.921644199998,132147376.73,2023-03-20,2022-12-31
331,300188,-53.938100890361,143116900.0,2023-03-20,2022-12-31
332,688089,-50.3717885263,63811399.4,2023-03-18,2022-12-31
333,603180,-18.531414322048,275347200.0,2023-03-18,2022-12-31
334,603025,21.862749815688,436199853.61,2023-03-18,2022-12-31
335,002727,9.527934613482,1009391447.45,2023-03-18,2022-12-31
336,002605,-39.284695868328,348447032.61,2023-03-18,2022-12-31
337,002542,-123.799033309344,-705435086.06,2023-03-18,2022-12-31
338,000529,177.020113192716,916758390.04,2023-03-18,2022-12-31
339,601229,1.079756827874,22280000000.0,2023-03-17,2022-12-31
340,301262,-6.914034143508,409361500.0,2023-03-17,2022-12-31
341,300660,6.603027469541,260279500.0,2023-03-17,2022-12-31
342,300281,-103.986576288298,-1579172.97,2023-03-17,2022-12-31
343,002826,3.35611129921,43902049.5,2023-03-17,2022-12-31
344,002460,291.6727524937,20478236600.0,2023-03-17,2022-12-31
345,002448,-21.255717356885,166267257.3,2023-03-17,2022-12-31
346,002226,-57.041143104341,452212219.54,2023-03-17,2022-12-31
347,001324,0.839283366053,66655000.0,2023-03-17,2022-12-31
348,600768,5598.00568998056,202284900.0,2023-03-16,2022-12-31
349,600120,43.835208092988,943807800.0,2023-03-16,2022-12-31
350,002034,10.056760408213,713177722.91,2023-03-16,2022-12-31
351,603172,-9.971211871693,67568900.0,2023-03-15,2022-12-31
352,600315,-27.294891243291,472039300.0,2023-03-15,2022-12-31
353,300711,11.677308375032,48815226.53,2023-03-15,2022-12-31
354,300316,70.434582910926,2917357900.0,2023-03-15,2022-12-31
355,300181,54.68166845673,277511428.83,2023-03-15,2022-12-31
356,300073,106.81743279472,2256343094.81,2023-03-15,2022-12-31
357,002192,3472.93877158612,2439939326.64,2023-03-15,2022-12-31
358,001282,23.751005685125,94840100.0,2023-03-15,2022-12-31
359,688531,41.147095308595,71725100.0,2023-03-14,2022-12-31
360,688419,6.673630913728,56674100.0,2023-03-14,2022-12-31
361,603137,32.081535768119,117530300.0,2023-03-14,2022-12-31
362,603135,1.522855287317,284896200.0,2023-03-14,2022-12-31
363,603125,32.733744454892,190652700.0,2023-03-14,2022-12-31
364,601133,65.184111225072,250848800.0,2023-03-14,2022-12-31
365,601065,133.915420084282,425547600.0,2023-03-14,2022-12-31
366,601061,21.552072656592,2215357300.0,2023-03-14,2022-12-31
367,600348,98.95030749009,7025533800.0,2023-03-14,2022-12-31
368,301127,26.178297609883,202129241.46,2023-03-14,2022-12-31
369,300378,17.338175759068,131644168.59,2023-03-14,2022-12-31
370,300014,20.790755597207,3509929200.0,2023-03-14,2022-12-31
371,002938,51.073932929632,5011536600.0,2023-03-14,2022-12-31
372,002819,406.67036350211,870757100.0,2023-03-14,2022-12-31
373,002730,6.942018545798,91752556.98,2023-03-14,2022-12-31
374,001380,81.948467209898,112619800.0,2023-03-14,2022-12-31
375,001367,13.504147281871,106693500.0,2023-03-14,2022-12-31
376,001360,10.309741997339,120865700.0,2023-03-14,2022-12-31
377,001328,13.252630451609,134611100.0,2023-03-14,2022-12-31
378,001287,18.956562014505,400591200.0,2023-03-14,2022-12-31
379,001286,511.951436596616,2471523000.0,2023-03-14,2022-12-31
380,603801,6.068272916798,536197500.0,2023-03-13,2022-12-31
381,603529,177.886204754188,1845159100.0,2023-03-13,2022-12-31
382,603399,2605.66699092238,492283362.06,2023-03-13,2022-12-31
383,603283,63.54138381514,293310000.0,2023-03-13,2022-12-31
384,603179,65.749330422444,470751984.37,2023-03-13,2022-12-31
385,603078,87.061763264122,105704300.0,2023-03-13,2022-12-31
386,601666,95.903727704478,5724840018.12,2023-03-13,2022-12-31
387,600794,62.171970025109,163387968.88,2023-03-13,2022-12-31
388,600750,17.871027781601,596058700.0,2023-03-13,2022-12-31
389,600353,73.273032681745,100413497.5,2023-03-13,2022-12-31
390,600312,199.679059085534,212095564.31,2023-03-13,2022-12-31
391,600021,117.472900684104,320768000.0,2023-03-13,2022-12-31
392,301316,16.80060267935,89357293.99,2023-03-13,2022-12-31
393,301301,269.582574068203,411518000.0,2023-03-13,2022-12-31
394,301216,116.528552329418,956849200.0,2023-03-13,2022-12-31
395,301096,74.873410886778,194263817.99,2023-03-13,2022-12-31
396,301095,91.969021083193,122374890.34,2023-03-13,2022-12-31
397,300938,47.485688089668,118070700.0,2023-03-13,2022-12-31
398,300861,92.997793628809,1472913348.78,2023-03-13,2022-12-31
399,300852,22.442497511455,225593200.0,2023-03-13,2022-12-31
400,300803,95.076262299656,343717923.0,2023-03-13,2022-12-31
401,300780,57.85629924308,112137800.0,2023-03-13,2022-12-31
402,300739,66.418378040183,182467600.0,2023-03-13,2022-12-31
403,300570,151.490986037969,180461769.29,2023-03-13,2022-12-31
404,300487,73.002459683571,537789555.75,2023-03-13,2022-12-31
405,300294,25.445927628734,432197600.0,2023-03-13,2022-12-31
406,300257,36.052881089343,413120900.0,2023-03-13,2022-12-31
407,300224,52.316202202064,403700838.68,2023-03-13,2022-12-31
408,300130,47.798130345581,296583700.0,2023-03-13,2022-12-31
409,003040,162.365327485306,164620600.0,2023-03-13,2022-12-31
410,002986,205.478882075556,430703396.68,2023-03-13,2022-12-31
411,002947,517.428671954964,193032900.0,2023-03-13,2022-12-31
412,002943,1537.68292353942,97271137.69,2023-03-13,2022-12-31
413,002756,612.419884990602,6319744372.08,2023-03-13,2022-12-31
414,002709,159.155906987393,5723036300.0,2023-03-13,2022-12-31
415,002669,125.297382741638,49556207.49,2023-03-13,2022-12-31
416,002562,963.955491598105,301446333.09,2023-03-13,2022-12-31
417,002514,145.916549433534,30326100.43,2023-03-13,2022-12-31
418,002318,62.1944914828,1287949007.13,2023-03-13,2022-12-31
419,002284,51.868681997202,66676302.69,2023-03-13,2022-12-31
420,002101,54.976120926587,465008941.56,2023-03-13,2022-12-31
421,002057,73.22382609094,373542416.7,2023-03-13,2022-12-31
422,002039,65.021264344623,414246133.65,2023-03-13,2022-12-31
423,002017,113.139114782169,92628214.79,2023-03-13,2022-12-31
424,000999,19.157065280586,2448802100.0,2023-03-13,2022-12-31
425,000922,64.545454545455,351140000.0,2023-03-13,2022-12-31
426,000792,248.64840833527,15613823600.0,2023-03-13,2022-12-31
427,000707,106.578858563129,873043627.34,2023-03-13,2022-12-31
428,000533,346.857317512814,31498500.0,2023-03-13,2022-12-31
429,000422,37.448042646542,2156595850.57,2023-03-13,2022-12-31
430,000048,98.560326227035,773073916.59,2023-03-13,2022-12-31
431,000034,303.11847808637,1004410000.0,2023-03-13,2022-12-31
432,002865,501.437287637792,717110266.16,2023-03-11,2022-12-31
433,688334,60.446148118644,130857500.0,2023-03-10,2022-12-31
434,603056,339.886812705619,649955200.0,2023-03-10,2022-12-31
435,301488,8.007420405299,104444900.0,2023-03-10,2022-12-31
436,301345,-15.002216499766,206307800.0,2023-03-10,2022-12-31
437,300557,47.491908785911,19914800.0,2023-03-10,2022-12-31
438,002088,9.017549336945,582348493.97,2023-03-10,2022-12-31
439,605117,166.221151934079,1540236511.93,2023-03-09,2022-12-31
440,603890,-49.093801167451,155825300.0,2023-03-09,2022-12-31
441,601869,65.021156558533,1170000000.0,2023-03-09,2022-12-31
442,688592,26.599086637044,36905100.0,2023-03-08,2022-12-31
443,601699,110.489121896399,14168261700.0,2023-03-08,2022-12-31
444,600516,-17.539488170783,894362739.35,2023-03-08,2022-12-31
445,600284,6.113160402591,567542100.0,2023-03-08,2022-12-31
446,002810,7.748347659429,355068814.22,2023-03-08,2022-12-31
447,002237,9.870567704844,499710512.38,2023-03-08,2022-12-31
448,601225,64.098700269119,35148861500.0,2023-03-07,2022-12-31
449,600188,89.197140422961,30761389000.0,2023-03-07,2022-12-31
450,001219,34.38429970551,91429460.78,2023-03-07,2022-12-31
451,603097,17.161034780901,91873700.0,2023-03-04,2022-12-31
452,600895,11.016971604933,822216239.79,2023-03-04,2022-12-31
453,600850,30.669249559683,520000500.0,2023-03-04,2022-12-31
454,600663,-74.83712614605,1084739736.76,2023-03-04,2022-12-31
455,600648,32.35963290926,1240353900.0,2023-03-04,2022-12-31
456,600639,-2.429212793675,1583573935.75,2023-03-04,2022-12-31
457,603648,11.381326229462,162073230.82,2023-03-03,2022-12-31
458,600612,-9.378172885913,1700343002.1,2023-03-03,2022-12-31
459,301295,-1.525037001321,65883100.0,2023-03-03,2022-12-31
460,002885,623.40189579643,144161700.0,2023-03-03,2022-12-31
461,301261,3.444035852815,105466500.0,2023-03-02,2022-12-31
462,300109,50.458065667242,311519981.34,2023-03-02,2022-12-31
463,002222,14.090502291718,218329863.62,2023-03-02,2022-12-31
464,605589,1.82055149683,700095955.37,2023-03-01,2022-12-31
465,605050,-10.696626568868,302014900.0,2023-03-01,2022-12-31
466,601101,-33.776936129478,1334037000.0,2023-03-01,2022-12-31
467,301399,22.178609464132,105097800.0,2023-03-01,2022-12-31
468,301397,38.582877050729,153002000.0,2023-03-01,2022-12-31
469,301395,-29.846023480137,94061300.0,2023-03-01,2022-12-31
470,301382,19.981283517504,126297700.0,2023-03-01,2022-12-31
471,300124,19.746892577201,4279040951.03,2023-03-01,2022-12-31
472,002407,54.390141641551,1944863151.71,2023-03-01,2022-12-31
473,002254,-52.861259650711,455199345.99,2023-03-01,2022-12-31
474,002167,-30.686740736323,104323963.01,2023-03-01,2022-12-31
475,000598,8.3101636739,1617825694.92,2023-03-01,2022-12-31
476,689009,8.53821297091,445656600.0,2023-02-28,2022-12-31
477,688819,38.91675986066,1902278600.0,2023-02-28,2022-12-31
478,688800,123.751229536991,254772100.0,2023-02-28,2022-12-31
479,688788,-210.026298338268,-193457700.0,2023-02-28,2022-12-31
480,688779,112.591280881069,1489498700.0,2023-02-28,2022-12-31
481,688767,-4.272552977445,797975000.0,2023-02-28,2022-12-31
482,688766,-72.23086608786,80850000.0,2023-02-28,2022-12-31
483,688737,-950.720516466203,-88553200.0,2023-02-28,2022-12-31
484,688733,35.848395736257,146995300.0,2023-02-28,2022-12-31
485,688728,-64.58300869381,445704100.0,2023-02-28,2022-12-31
486,688718,-40.147189920561,30213100.0,2023-02-28,2022-12-31
487,688701,-616.190675819665,-88654200.0,2023-02-28,2022-12-31
488,688699,-98.358039603575,10627500.0,2023-02-28,2022-12-31
489,688697,53.739537549827,259116488.24,2023-02-28,2022-12-31
490,688696,6.691514706652,515852300.0,2023-02-28,2022-12-31
491,688690,46.411898152849,275385700.0,2023-02-28,2022-12-31
492,688685,-11.792552794077,44952310.25,2023-02-28,2022-12-31
493,688683,-26.026821690847,50112946.34,2023-02-28,2022-12-31
494,688682,-17.511572934108,50250300.0,2023-02-28,2022-12-31
495,688681,-113.636080677291,-7447700.0,2023-02-28,2022-12-31
496,688680,-80.208735961117,49909293.47,2023-02-28,2022-12-31
497,688679,-13.358671791281,43431192.75,2023-02-28,2022-12-31
498,688669,-45.272657087286,45465200.42,2023-02-28,2022-12-31
499,688668,53.95975820554,168401738.35,2023-02-28,2022-12-31
500,688667,-51.05145537476,67329800.0,2023-02-28,2022-12-31
501,688665,-17.924252797178,147473682.17,2023-02-28,2022-12-31
502,688662,-39.440324180232,53517183.47,2023-02-28,2022-12-31
503,688661,-61.663729966821,39619500.0,2023-02-28,2022-12-31
504,688660,-166.416260318463,-336741000.0,2023-02-28,2022-12-31
505,688658,-38.052285280461,337810800.0,2023-02-28,2022-12-31
506,688656,-51.097619459324,42150264.21,2023-02-28,2022-12-31
507,688655,-26.723245930959,46952300.0,2023-02-28,2022-12-31
508,688639,89.592862386357,318962500.0,2023-02-28,2022-12-31
509,688636,-32.308589056083,75485400.0,2023-02-28,2022-12-31
510,688633,16.257095789733,141660585.39,2023-02-28,2022-12-31
511,688625,24.959966977662,196220874.9,2023-02-28,2022-12-31
512,688622,-173.581063624805,-57816100.0,2023-02-28,2022-12-31
513,688618,59.405001975128,96316286.5,2023-02-28,2022-12-31
514,688613,-21.176477406514,95205100.0,2023-02-28,2022-12-31
515,688611,-41.916967542723,58456553.38,2023-02-28,2022-12-31
516,688608,-70.005187428029,122293800.0,2023-02-28,2022-12-31
517,688607,-106.88153719591,-5855500.0,2023-02-28,2022-12-31
518,688606,69.733490977863,1299630500.0,2023-02-28,2022-12-31
519,688601,-12.97415903355,138583665.55,2023-02-28,2022-12-31
520,688600,1.544750375921,48216900.0,2023-02-28,2022-12-31
521,688598,9.992141919505,551166194.93,2023-02-28,2022-12-31
522,688597,118.202215639419,79258900.0,2023-02-28,2022-12-31
523,688589,80.972612418019,76076000.0,2023-02-28,2022-12-31
524,688585,568.918918918919,84150000.0,2023-02-28,2022-12-31
525,688579,-39.800058389856,62066200.0,2023-02-28,2022-12-31
526,688578,627.683779672332,132981300.0,2023-02-28,2022-12-31
527,688577,-15.784879280621,61482693.6,2023-02-28,2022-12-31
528,688575,398.270114033083,1020196100.0,2023-02-28,2022-12-31
529,688569,40.992704935254,236892700.0,2023-02-28,2022-12-31
530,688568,10.343305637202,243092562.26,2023-02-28,2022-12-31
531,688567,3.624796507894,-918186120.54,2023-02-28,2022-12-31
532,688566,33.914791233136,153869893.79,2023-02-28,2022-12-31
533,688565,-305.6112863571,-35458900.0,2023-02-28,2022-12-31
534,688560,-15.780240774384,103526522.75,2023-02-28,2022-12-31
535,688559,249.464600424289,381513300.0,2023-02-28,2022-12-31
536,688557,12.483561679648,90551984.53,2023-02-28,2022-12-31
537,688556,356.657882411014,788612023.43,2023-02-28,2022-12-31
538,688553,-44.890689559425,245709600.0,2023-02-28,2022-12-31
539,688533,41.513641998101,85850100.0,2023-02-28,2022-12-31
540,688529,36.789269001698,95980701.28,2023-02-28,2022-12-31
541,688526,-29.055828106244,404907690.92,2023-02-28,2022-12-31
542,688525,-37.23859637685,73162600.0,2023-02-28,2022-12-31
543,688518,198.63550554764,274780800.0,2023-02-28,2022-12-31
544,688516,88.290364329748,698038700.0,2023-02-28,2022-12-31
545,688515,13.124324324324,-401800.0,2023-02-28,2022-12-31
546,688513,6.364390459653,247220200.0,2023-02-28,2022-12-31
547,688511,-60.853580813857,44838700.0,2023-02-28,2022-12-31
548,688510,-17.274453980248,20078400.0,2023-02-28,2022-12-31
549,688506,-186.092090011831,-286067200.0,2023-02-28,2022-12-31
550,688505,-35.302464852583,137997098.0,2023-02-28,2022-12-31
551,688503,58.559100300363,391285958.89,2023-02-28,2022-12-31
552,688501,2.895195014109,57503700.0,2023-02-28,2022-12-31
553,688500,-388.167128673478,-186494000.0,2023-02-28,2022-12-31
554,688499,51.086602796227,320811400.0,2023-02-28,2022-12-31
555,688498,5.241699357106,100282500.0,2023-02-28,2022-12-31
556,688496,-4.372565977764,56500800.0,2023-02-28,2022-12-31
557,688488,-312.100141401206,-123570700.0,2023-02-28,2022-12-31
558,688486,-17.678553160916,69205500.0,2023-02-28,2022-12-31
559,688485,-5.472685320594,63991400.0,2023-02-28,2022-12-31
560,688468,6.912786185215,152625700.0,2023-02-28,2022-12-31
561,688455,0.358794027808,86803337.74,2023-02-28,2022-12-31
562,688435,9.218152124567,37049200.0,2023-02-28,2022-12-31
563,688426,24.624982319857,156837300.0,2023-02-28,2022-12-31
564,688425,6.260745505744,1844147800.0,2023-02-28,2022-12-31
565,688418,-109.159716875081,-212359096.19,2023-02-28,2022-12-31
566,688416,-85.498092638989,21399000.0,2023-02-28,2022-12-31
567,688408,191.035303978766,43749300.0,2023-02-28,2022-12-31
568,688403,26.347401833832,177288400.0,2023-02-28,2022-12-31
569,688399,57.025255228671,1873647800.0,2023-02-28,2022-12-31
570,688392,59.222458398073,110264100.0,2023-02-28,2022-12-31
571,688391,97.283895584666,200043700.0,2023-02-28,2022-12-31
572,688390,133.352688728302,652302438.53,2023-02-28,2022-12-31
573,688388,-1.919470011497,539402800.0,2023-02-28,2022-12-31
574,688387,43.458386735336,-669288900.0,2023-02-28,2022-12-31
575,688386,-49.327159251158,33645854.44,2023-02-28,2022-12-31
576,688385,109.884078039632,1079783900.0,2023-02-28,2022-12-31
577,688383,-12.462280541824,203095300.0,2023-02-28,2022-12-31
578,688382,-35.092334278167,-483511000.0,2023-02-28,2022-12-31
579,688380,-92.53807798524,58579664.43,2023-02-28,2022-12-31
580,688378,-16.841419029364,113144900.0,2023-02-28,2022-12-31
581,688377,289.501234874726,125378500.0,2023-02-28,2022-12-31
582,688376,13.81921919647,123203500.0,2023-02-28,2022-12-31
583,688375,41.400757775984,520587810.56,2023-02-28,2022-12-31
584,688372,89.119398739253,249969700.0,2023-02-28,2022-12-31
585,688371,-19.282930948529,31734400.0,2023-02-28,2022-12-31
586,688370,-8.360048943985,173453900.0,2023-02-28,2022-12-31
587,688369,-22.770222015239,99463745.94,2023-02-28,2022-12-31
588,688368,-130.520413680893,-206751600.0,2023-02-28,2022-12-31
589,688366,-48.764121246258,180470800.0,2023-02-28,2022-12-31
590,688365,-181.992294048883,-167893700.0,2023-02-28,2022-12-31
591,688363,24.002419538321,970113800.0,2023-02-28,2022-12-31
592,688360,4.906535062204,80606300.0,2023-02-28,2022-12-31
593,688359,-157.330719011027,-30437040.0,2023-02-28,2022-12-31
594,688358,2.189426028074,114934900.0,2023-02-28,2022-12-31
595,688356,3.363235211485,181691989.06,2023-02-28,2022-12-31
596,688355,-70.789491603464,36034200.0,2023-02-28,2022-12-31
597,688353,-38.141702933473,260073098.56,2023-02-28,2022-12-31
598,688350,27.037073986673,136251200.0,2023-02-28,2022-12-31
599,688349,0.583054589259,1612490400.0,2023-02-28,2022-12-31
600,688348,235.970152154058,345787200.0,2023-02-28,2022-12-31
601,688339,-5.955629829037,-171567700.0,2023-02-28,2022-12-31
602,688337,2472.42732893758,92470100.0,2023-02-28,2022-12-31
603,688331,-447.090273255534,-958864300.0,2023-02-28,2022-12-31
604,688330,-21.104446393859,325749800.0,2023-02-28,2022-12-31
605,688328,-163.986954837043,-35669400.0,2023-02-28,2022-12-31
606,688327,-34.553228109097,-850549183.32,2023-02-28,2022-12-31
607,688326,63.257546996217,238661800.0,2023-02-28,2022-12-31
608,688325,-41.442106287071,52243079.36,2023-02-28,2022-12-31
609,688322,10.676979509778,-278040500.0,2023-02-28,2022-12-31
610,688321,-21.08678722852,17328000.0,2023-02-28,2022-12-31
611,688320,-14.401527766668,94172700.0,2023-02-28,2022-12-31
612,688319,-75.392534626709,26567086.57,2023-02-28,2022-12-31
613,688318,-48.778397227911,144289164.64,2023-02-28,2022-12-31
614,688317,-1.999130153802,743361000.0,2023-02-28,2022-12-31
615,688316,13.315589103123,-245130804.14,2023-02-28,2022-12-31
616,688315,-21.107392856714,177497400.0,2023-02-28,2022-12-31
617,688314,-7.262714927138,75698200.0,2023-02-28,2022-12-31
618,688311,-79.914457333219,27001353.09,2023-02-28,2022-12-31
619,688309,254.491763167331,14648600.0,2023-02-28,2022-12-31
620,688308,9.648536623012,243663500.0,2023-02-28,2022-12-31
621,688307,14.443789220704,41143000.0,2023-02-28,2022-12-31
622,688306,6.32116024198,45906500.0,2023-02-28,2022-12-31
623,688303,234.047471328002,19120350800.0,2023-02-28,2022-12-31
624,688302,1.523614058271,-301514900.0,2023-02-28,2022-12-31
625,688299,-37.572556061302,116606100.0,2023-02-28,2022-12-31
626,688290,59.238883587724,121655800.0,2023-02-28,2022-12-31
627,688289,-10.519546916827,2006774900.0,2023-02-28,2022-12-31
628,688288,-462.680657094743,-107254100.0,2023-02-28,2022-12-31
629,688287,20.320136565041,86976900.0,2023-02-28,2022-12-31
630,688286,-540.911245165254,-54778856.97,2023-02-28,2022-12-31
631,688285,0.361285442414,141700400.0,2023-02-28,2022-12-31
632,688278,58.513198050783,287227500.0,2023-02-28,2022-12-31
633,688277,-43.151406424364,-114425500.0,2023-02-28,2022-12-31
634,688271,15.313747367316,1634208900.0,2023-02-28,2022-12-31
635,688270,18.483501922528,117114120.65,2023-02-28,2022-12-31
636,688269,36.019328783093,221106900.0,2023-02-28,2022-12-31
637,688266,-2.440026501156,-462003700.0,2023-02-28,2022-12-31
638,688265,-109.590558141598,-5836900.0,2023-02-28,2022-12-31
639,688262,18.11733134296,82923800.0,2023-02-28,2022-12-31
640,688261,93.566465650627,284356300.0,2023-02-28,2022-12-31
641,688260,-515.747061176562,-64438300.0,2023-02-28,2022-12-31
642,688256,-41.400676526148,-1166484045.48,2023-02-28,2022-12-31
643,688251,3.072140670267,70386536.49,2023-02-28,2022-12-31
644,688247,-31.111580539002,92941500.0,2023-02-28,2022-12-31
645,688246,29.574570531198,64316800.0,2023-02-28,2022-12-31
646,688244,8.483264820539,51064700.0,2023-02-28,2022-12-31
647,688239,31.969053605423,183358800.0,2023-02-28,2022-12-31
648,688236,-5.772515721145,303752412.58,2023-02-28,2022-12-31
649,688234,-294.021556060766,-174525300.0,2023-02-28,2022-12-31
650,688231,36.31107260801,95701375.21,2023-02-28,2022-12-31
651,688230,4.294210150856,119444300.0,2023-02-28,2022-12-31
652,688229,-18.649447072397,-86563721.64,2023-02-28,2022-12-31
653,688227,-18.740032614813,45195900.0,2023-02-28,2022-12-31
654,688223,158.205452747519,2947182600.0,2023-02-28,2022-12-31
655,688222,-58.956705025574,26014800.0,2023-02-28,2022-12-31
656,688221,-37.187434823159,-356764082.52,2023-02-28,2022-12-31
657,688220,57.963713953267,-247759600.0,2023-02-28,2022-12-31
658,688219,11.109526565726,60055314.4,2023-02-28,2022-12-31
659,688218,57.239842906686,34231900.0,2023-02-28,2022-12-31
660,688216,-144.518357587709,-59916100.0,2023-02-28,2022-12-31
661,688215,-27.844182512535,9565729.18,2023-02-28,2022-12-31
662,688213,-119.483864262381,-77610700.0,2023-02-28,2022-12-31
663,688211,-144.944546293467,-116499500.0,2023-02-28,2022-12-31
664,688210,98.513031281902,94169224.63,2023-02-28,2022-12-31
665,688209,0.823419330721,159577063.84,2023-02-28,2022-12-31
666,688208,-75.905293431452,105712200.0,2023-02-28,2022-12-31
667,688206,55.731945211609,44546500.0,2023-02-28,2022-12-31
668,688205,-19.491696330632,101798000.0,2023-02-28,2022-12-31
669,688201,0.26074989155,154528741.66,2023-02-28,2022-12-31
670,688199,-73.146318931115,44485171.75,2023-02-28,2022-12-31
671,688198,86.997980397748,95739600.0,2023-02-28,2022-12-31
672,688192,-9.776527264229,-735366500.0,2023-02-28,2022-12-31
673,688191,-60.366918838223,27928600.0,2023-02-28,2022-12-31
674,688190,89.315192266581,226705700.0,2023-02-28,2022-12-31
675,688187,26.670465721575,2555823400.0,2023-02-28,2022-12-31
676,688185,-147.112740873072,-901921600.0,2023-02-28,2022-12-31
677,688184,77.054983878959,147939000.0,2023-02-28,2022-12-31
678,688180,-232.589143966297,-2397667400.0,2023-02-28,2022-12-31
679,688179,6.733690621719,95378091.87,2023-02-28,2022-12-31
680,688178,-69.884650440443,21873200.0,2023-02-28,2022-12-31
681,688177,-661.898055201284,-460399600.0,2023-02-28,2022-12-31
682,688176,-5.035852415819,-246781000.0,2023-02-28,2022-12-31
683,688175,-27.689226963203,85999320.42,2023-02-28,2022-12-31
684,688173,-163.83649883219,-16371700.0,2023-02-28,2022-12-31
685,688171,-30.40251027916,38593200.0,2023-02-28,2022-12-31
686,688170,-23.157385904368,67401500.0,2023-02-28,2022-12-31
687,688169,-14.93377320298,1193033500.0,2023-02-28,2022-12-31
688,688168,-111.926386928499,-8610100.0,2023-02-28,2022-12-31
689,688166,5.246176486262,256749100.0,2023-02-28,2022-12-31
690,688165,8.523758045195,-176936000.0,2023-02-28,2022-12-31
691,688163,-18.702440298465,62178646.52,2023-02-28,2022-12-31
692,688162,18.749555052877,155126700.0,2023-02-28,2022-12-31
693,688161,-20.763042097676,546987300.0,2023-02-28,2022-12-31
694,688159,-356.018220636114,-59118240.52,2023-02-28,2022-12-31
695,688158,34.535591316822,-414560700.0,2023-02-28,2022-12-31
696,688156,-67.598501967855,24475800.0,2023-02-28,2022-12-31
697,688155,-234.187843884476,-94016700.0,2023-02-28,2022-12-31
698,688152,14.389308939518,127598300.0,2023-02-28,2022-12-31
699,688151,-77.348825095606,72534000.0,2023-02-28,2022-12-31
700,688150,-2.186933429435,105580500.0,2023-02-28,2022-12-31
701,688148,-92.943385819927,4708300.0,2023-02-28,2022-12-31
702,688143,5.336433881805,80675700.0,2023-02-28,2022-12-31
703,688139,-28.903407940473,600791300.0,2023-02-28,2022-12-31
704,688138,115.593431224144,95994700.0,2023-02-28,2022-12-31
705,688137,-38.409400579663,91773452.36,2023-02-28,2022-12-31
706,688136,-193.591384963701,-90281900.0,2023-02-28,2022-12-31
707,688135,-69.693949182696,32076500.0,2023-02-28,2022-12-31
708,688133,-12.31200721555,126230645.22,2023-02-28,2022-12-31
709,688132,-47.314945173613,41762600.0,2023-02-28,2022-12-31
710,688130,-71.379223415189,22138600.0,2023-02-28,2022-12-31
711,688129,-76.857182801699,21737166.74,2023-02-28,2022-12-31
712,688127,-26.342915405254,103121967.86,2023-02-28,2022-12-31
713,688126,122.453193568787,325031700.0,2023-02-28,2022-12-31
714,688125,1.361375121095,154851800.0,2023-02-28,2022-12-31
715,688123,228.039286073909,355106062.52,2023-02-28,2022-12-31
716,688122,46.048080397163,1082915700.0,2023-02-28,2022-12-31
717,688121,-42.804612402326,180306000.0,2023-02-28,2022-12-31
718,688120,159.965845709556,515451700.0,2023-02-28,2022-12-31
719,688115,-18.18611313852,54029400.0,2023-02-28,2022-12-31
720,688113,9.008317823459,83402700.0,2023-02-28,2022-12-31
721,688112,73.536149817724,140665800.0,2023-02-28,2022-12-31
722,688110,-29.513759176031,184530300.0,2023-02-28,2022-12-31
723,688108,-23.638155877268,-161676300.0,2023-02-28,2022-12-31
724,688106,37.453375972729,229640013.21,2023-02-28,2022-12-31
725,688105,-3.967179291594,651380605.72,2023-02-28,2022-12-31
726,688102,22.92234171162,77886300.0,2023-02-28,2022-12-31
727,688098,-44.108978219559,61592947.14,2023-02-28,2022-12-31
728,688097,84.947576953515,357561000.0,2023-02-28,2022-12-31
729,688096,-7.229850407093,52253900.0,2023-02-28,2022-12-31
730,688095,-104.183158359179,-1934100.0,2023-02-28,2022-12-31
731,688093,0.593494836427,185375000.0,2023-02-28,2022-12-31
732,688092,-14.848153492357,45321900.0,2023-02-28,2022-12-31
733,688091,3674.00783402116,142854906.22,2023-02-28,2022-12-31
734,688090,-326.993341116444,-62996100.0,2023-02-28,2022-12-31
735,688087,-3.108905531294,232321300.0,2023-02-28,2022-12-31
736,688084,-25.763480525834,44917400.0,2023-02-28,2022-12-31
737,688083,-96.289571935511,6740000.0,2023-02-28,2022-12-31
738,688081,-66.764879141637,-76063669.06,2023-02-28,2022-12-31
739,688080,-33.334540271066,69964600.0,2023-02-28,2022-12-31
740,688079,-78.008192447456,21974500.0,2023-02-28,2022-12-31
741,688077,-3.289523044826,146944800.0,2023-02-28,2022-12-31
742,688076,11.436090507992,128584270.9,2023-02-28,2022-12-31
743,688075,309.644761466179,3025334300.0,2023-02-28,2022-12-31
744,688071,-35.832742955543,37225800.0,2023-02-28,2022-12-31
745,688070,-11.351426777367,-25536000.0,2023-02-28,2022-12-31
746,688069,-48.910026396865,55586300.0,2023-02-28,2022-12-31
747,688067,-42.532374100719,17973000.0,2023-02-28,2022-12-31
748,688065,-7.110566988684,552431200.0,2023-02-28,2022-12-31
749,688063,302.134100153678,1271468000.0,2023-02-28,2022-12-31
750,688061,7.358945805494,134200400.0,2023-02-28,2022-12-31
751,688059,2.198972486512,165923200.0,2023-02-28,2022-12-31
752,688058,-223.505439848475,-33124900.0,2023-02-28,2022-12-31
753,688057,-20.944723314356,302814856.54,2023-02-28,2022-12-31
754,688055,-72.365394976333,251639000.0,2023-02-28,2022-12-31
755,688053,0.907165214309,97941100.0,2023-02-28,2022-12-31
756,688051,-118.201604223873,-282017500.0,2023-02-28,2022-12-31
757,688046,30.922334954274,163558000.0,2023-02-28,2022-12-31
758,688039,-261.044954534353,-98797047.17,2023-02-28,2022-12-31
759,688038,-124.599469235306,-9009900.0,2023-02-28,2022-12-31
760,688035,61.683922836785,122695300.0,2023-02-28,2022-12-31
761,688033,2.597896192743,179514000.0,2023-02-28,2022-12-31
762,688032,163.80005333603,532189700.0,2023-02-28,2022-12-31
763,688031,-11.152403898224,-271962700.0,2023-02-28,2022-12-31
764,688029,1.194609400139,328630000.0,2023-02-28,2022-12-31
765,688028,16.417263544536,63389200.0,2023-02-28,2022-12-31
766,688027,-115.595980038712,-80064187.39,2023-02-28,2022-12-31
767,688026,-48.075929842602,88872200.0,2023-02-28,2022-12-31
768,688025,-10.789963843541,81422000.0,2023-02-28,2022-12-31
769,688023,-1922.46036454416,-251617210.4,2023-02-28,2022-12-31
770,688021,-111.941449532889,-7860447.29,2023-02-28,2022-12-31
771,688020,-305.551442256841,-68018000.0,2023-02-28,2022-12-31
772,688019,139.671149250784,299790500.0,2023-02-28,2022-12-31
773,688012,15.657997731317,1169792400.0,2023-02-28,2022-12-31
774,688011,-1402.00237139116,-23768632.16,2023-02-28,2022-12-31
775,688009,10.947533779483,3633168600.0,2023-02-28,2022-12-31
776,688007,-48.521646198669,120132100.0,2023-02-28,2022-12-31
777,688006,107.298509786783,487395865.11,2023-02-28,2022-12-31
778,688004,-157.80190456045,-28419000.0,2023-02-28,2022-12-31
779,688002,-33.323344464201,307499400.0,2023-02-28,2022-12-31
780,688001,2.914271456653,323121722.77,2023-02-28,2022-12-31
781,603368,22.791993881164,692322600.0,2023-02-28,2022-12-31
782,301238,27.175695062024,766029006.01,2023-02-28,2022-12-31
783,300854,-69.741131483749,30797900.0,2023-02-28,2022-12-31
784,300720,-44.578049863243,42613347.56,2023-02-28,2022-12-31
785,300628,35.151351380785,2184154500.0,2023-02-28,2022-12-31
786,300549,-26.498095707153,28243663.45,2023-02-28,2022-12-31
787,300488,-27.340262009399,112374048.34,2023-02-28,2022-12-31
788,300453,18.423114179405,184634263.09,2023-02-28,2022-12-31
789,300443,-28.033372955076,357226385.5,2023-02-28,2022-12-31
790,300433,20.080861173643,2485965543.99,2023-02-28,2022-12-31
791,300418,-24.677872307425,1165118819.33,2023-02-28,2022-12-31
792,300413,-13.86127706377,1821050300.0,2023-02-28,2022-12-31
793,300412,-195.495407827138,-70377609.75,2023-02-28,2022-12-31
794,300407,30.765738482074,88116262.14,2023-02-28,2022-12-31
795,300389,568.690697651118,200218700.0,2023-02-28,2022-12-31
796,300371,-28.957862075312,110248753.19,2023-02-28,2022-12-31
797,300338,107.51037123768,34605500.0,2023-02-28,2022-12-31
798,300308,40.924488763581,1235875531.84,2023-02-28,2022-12-31
799,300286,0.018396747371,170096458.14,2023-02-28,2022-12-31
800,300261,10.387526933859,200738905.84,2023-02-28,2022-12-31
801,300260,106.107965284165,349994271.65,2023-02-28,2022-12-31
802,300227,-11.658929681909,80871529.91,2023-02-28,2022-12-31
803,300160,33.336456068529,182676614.4,2023-02-28,2022-12-31
804,300138,23.941635156226,435672730.84,2023-02-28,2022-12-31
805,300057,565.755092101433,204670296.88,2023-02-28,2022-12-31
806,300049,3.002351464105,98335189.38,2023-02-28,2022-12-31
807,300026,-9.098263115602,624783000.0,2023-02-28,2022-12-31
808,300012,20.925766426043,902332275.9,2023-02-28,2022-12-31
809,003035,15.558172927654,553450500.0,2023-02-28,2022-12-31
810,002971,-22.389592279854,70027148.69,2023-02-28,2022-12-31
811,002912,-316.928714747025,-122062100.0,2023-02-28,2022-12-31
812,002847,99.859692278299,301268700.0,2023-02-28,2022-12-31
813,002813,-37.392767178474,3283195.3,2023-02-28,2022-12-31
814,002802,-1.836309706238,84354297.82,2023-02-28,2022-12-31
815,002705,20.96858804587,958619129.7,2023-02-28,2022-12-31
816,002695,-78.685660357174,30816209.86,2023-02-28,2022-12-31
817,002608,121.382573485799,71126800.0,2023-02-28,2022-12-31
818,002598,8.851561503044,114182198.94,2023-02-28,2022-12-31
819,002519,1263.96052639407,195776156.13,2023-02-28,2022-12-31
820,002516,4.267883248789,197541222.73,2023-02-28,2022-12-31
821,002454,-27.426466902365,81700069.49,2023-02-28,2022-12-31
822,002393,-23.505264931644,93404153.66,2023-02-28,2022-12-31
823,002372,6.398259616146,1301624475.87,2023-02-28,2022-12-31
824,002363,44.233389044085,45577282.54,2023-02-28,2022-12-31
825,002338,79.73853751038,83861152.67,2023-02-28,2022-12-31
826,002275,-5.146263307164,326030260.91,2023-02-28,2022-12-31
827,002262,12.686354407724,898986186.73,2023-02-28,2022-12-31
828,002215,7.368905830499,327834294.39,2023-02-28,2022-12-31
829,002152,0.156371188733,825545600.0,2023-02-28,2022-12-31
830,002150,2.065135118497,151084400.3,2023-02-28,2022-12-31
831,002139,3.664485705205,585667317.54,2023-02-28,2022-12-31
832,002130,10.91952007132,613063188.41,2023-02-28,2022-12-31
833,002116,27.575385277144,205125159.66,2023-02-28,2022-12-31
834,002091,33.509813038465,1650406404.19,2023-02-28,2022-12-31
835,002079,71.799760302004,374032821.93,2023-02-28,2022-12-31
836,002078,-6.050391184948,2777935521.65,2023-02-28,2022-12-31
837,002060,12.958405376778,370530096.11,2023-02-28,2022-12-31
838,002054,-57.914360634672,86787200.0,2023-02-28,2022-12-31
839,002053,15.842860905583,291609922.15,2023-02-28,2022-12-31
840,002043,-35.192483430926,461178000.0,2023-02-28,2022-12-31
841,002040,-5.408872833154,137992608.47,2023-02-28,2022-12-31
842,002020,2.522503846061,646373576.42,2023-02-28,2022-12-31
843,001202,-14.282374139299,39960700.0,2023-02-28,2022-12-31
844,000628,21.949430845851,199202024.98,2023-02-28,2022-12-31
845,688786,11.402623498728,98795300.0,2023-02-27,2022-12-31
846,688676,20.379733131473,282431800.0,2023-02-27,2022-12-31
847,688550,3.095092056524,247198647.63,2023-02-27,2022-12-31
848,688410,200.286177291213,58475688.55,2023-02-27,2022-12-31
849,688409,89.714669251287,239973500.0,2023-02-27,2022-12-31
850,688305,-17.116614799242,60394591.33,2023-02-27,2022-12-31
851,688296,-43.618424597528,56504600.0,2023-02-27,2022-12-31
852,688281,42.926454789327,333260900.0,2023-02-27,2022-12-31
853,688273,3.93147664783,123037200.0,2023-02-27,2022-12-31
854,688255,-37.280042229073,37537104.26,2023-02-27,2022-12-31
855,688207,148.22860166302,32996900.0,2023-02-27,2022-12-31
856,688186,-41.561846873468,102909304.26,2023-02-27,2022-12-31
857,688167,87.560358669217,127093900.0,2023-02-27,2022-12-31
858,688153,180.632567629983,55165900.0,2023-02-27,2022-12-31
859,688131,1.388940565079,193632173.76,2023-02-27,2022-12-31
860,688107,294.827077613285,60102400.0,2023-02-27,2022-12-31
861,688072,438.087944339395,368517600.0,2023-02-27,2022-12-31
862,688049,-38.317263823471,51781300.0,2023-02-27,2022-12-31
863,688030,-347.516553880049,-186939600.0,2023-02-27,2022-12-31
864,603281,49.072877930512,1018948600.0,2023-02-27,2022-12-31
865,600984,-111.26584464606,-42205200.0,2023-02-27,2022-12-31
866,301393,16.457095528731,129736300.0,2023-02-27,2022-12-31
867,301270,-19.202243285754,54862000.0,2023-02-27,2022-12-31
868,300693,97.019041707619,223517717.98,2023-02-27,2022-12-31
869,300676,-44.424726228148,812252800.0,2023-02-27,2022-12-31
870,300666,153.652111095975,270460972.64,2023-02-27,2022-12-31
871,300662,15.155908160994,290818112.38,2023-02-27,2022-12-31
872,300625,286.80402794284,101947220.54,2023-02-27,2022-12-31
873,300582,12.020518342454,203852456.3,2023-02-27,2022-12-31
874,300481,65.630377550552,418499600.0,2023-02-27,2022-12-31
875,300471,-1300.08153692523,-130992500.0,2023-02-27,2022-12-31
876,300446,1.275169617633,5050639.66,2023-02-27,2022-12-31
877,300341,46.154148596951,260208900.0,2023-02-27,2022-12-31
878,300271,-425.243042501773,-958102247.02,2023-02-27,2022-12-31
879,300126,-61.530695049562,3934196.89,2023-02-27,2022-12-31
880,300115,107.060188770608,42685669.92,2023-02-27,2022-12-31
881,002511,-39.428567587149,351978911.64,2023-02-27,2022-12-31
882,688787,-6.563435362312,29531000.0,2023-02-25,2022-12-31
883,688776,1.95044989852,168074900.0,2023-02-25,2022-12-31
884,688739,-19.904025881963,714849086.79,2023-02-25,2022-12-31
885,688707,208.367581303178,1272260500.0,2023-02-25,2022-12-31
886,688677,55.028081229342,182515328.49,2023-02-25,2022-12-31
887,688670,-48.863330430923,42167400.0,2023-02-25,2022-12-31
888,688630,28.721097528534,136646827.34,2023-02-25,2022-12-31
889,688619,-349.563158963837,-219918300.0,2023-02-25,2022-12-31
890,688616,-9.856980501718,63355643.22,2023-02-25,2022-12-31
891,688609,-35.702789726843,63241000.0,2023-02-25,2022-12-31
892,688586,5.548737413173,243991000.0,2023-02-25,2022-12-31
893,688558,-4.95669760852,190553984.68,2023-02-25,2022-12-31
894,688551,8.739003550841,61890000.0,2023-02-25,2022-12-31
895,688509,-41.107989334993,28758500.0,2023-02-25,2022-12-31
896,688475,-26.100922804944,333072600.0,2023-02-25,2022-12-31
897,688420,45.029833102177,124645600.0,2023-02-25,2022-12-31
898,688398,-45.36215901253,62052689.34,2023-02-25,2022-12-31
899,688396,15.50980801619,2619670500.0,2023-02-25,2022-12-31
900,688395,-36.738268733885,46299300.0,2023-02-25,2022-12-31
901,688393,-45.579862564838,43414100.0,2023-02-25,2022-12-31
902,688373,2.639101392936,-220298700.0,2023-02-25,2022-12-31
903,688367,-10.842450886933,51047388.81,2023-02-25,2022-12-31
904,688345,-6.473985130726,117646000.0,2023-02-25,2022-12-31
905,688336,167.295733311183,48269600.0,2023-02-25,2022-12-31
906,688323,-30.644384339809,38874100.0,2023-02-25,2022-12-31
907,688312,-30.74560525531,84760800.0,2023-02-25,2022-12-31
908,688292,-19.332252181976,47155300.0,2023-02-25,2022-12-31
909,688280,5.461096987867,-378277000.0,2023-02-25,2022-12-31
910,688276,-25.422761497068,181635400.0,2023-02-25,2022-12-31
911,688248,43.82056249349,205718200.0,2023-02-25,2022-12-31
912,688237,-15.754597341198,59587700.0,2023-02-25,2022-12-31
913,688226,18.084371429671,70591900.0,2023-02-25,2022-12-31
914,688197,-19.934875042609,-173811300.0,2023-02-25,2022-12-31
915,688182,-9.256749189137,79399800.0,2023-02-25,2022-12-31
916,688172,-16.024271271426,462240200.0,2023-02-25,2022-12-31
917,688119,3.676136523142,232551259.8,2023-02-25,2022-12-31
918,688118,-97.15868865699,1111700.0,2023-02-25,2022-12-31
919,688117,2.809952041859,62973929.51,2023-02-25,2022-12-31
920,688116,38.920898516712,411043600.0,2023-02-25,2022-12-31
921,688114,315.886154461412,2011221700.0,2023-02-25,2022-12-31
922,688111,7.401920232602,1118326657.75,2023-02-25,2022-12-31
923,688109,-190.696479710272,-56848100.0,2023-02-25,2022-12-31
924,688099,-10.209600290387,728744900.0,2023-02-25,2022-12-31
925,688066,34.335785716699,268608999.02,2023-02-25,2022-12-31
926,688060,-67.695817432531,16959581.84,2023-02-25,2022-12-31
927,688045,-84.162364861993,37963469.63,2023-02-25,2022-12-31
928,688036,-35.413039086758,2524852400.0,2023-02-25,2022-12-31
929,688018,-50.952865955711,97323100.0,2023-02-25,2022-12-31
930,688017,-15.964820950128,158980783.22,2023-02-25,2022-12-31
931,688005,49.36405188217,1360768200.0,2023-02-25,2022-12-31
932,300770,1.988520844257,693253100.0,2023-02-25,2022-12-31
933,300678,17.560914961823,50692222.07,2023-02-25,2022-12-31
934,300112,2.531915165606,94884450.26,2023-02-25,2022-12-31
935,300002,42.537264912987,548080300.0,2023-02-25,2022-12-31
936,002651,11.628224580424,223142700.0,2023-02-25,2022-12-31
937,002557,5.214760683723,977088088.1,2023-02-25,2022-12-31
938,002536,-39.753843509492,85515941.7,2023-02-25,2022-12-31
939,002507,21.137427915146,898789391.36,2023-02-25,2022-12-31
940,002204,148.262614514914,286467500.0,2023-02-25,2022-12-31
941,002155,17.78022195009,427909177.78,2023-02-25,2022-12-31
942,002151,-28.085439426014,145678887.49,2023-02-25,2022-12-31
943,002063,5.651227045725,322645607.45,2023-02-25,2022-12-31
944,002033,109.746895429844,3684639.11,2023-02-25,2022-12-31
945,002001,-16.385292083178,3643065900.0,2023-02-25,2022-12-31
946,688777,36.765539190269,795517000.0,2023-02-24,2022-12-31
947,688772,-90.411679010542,90688900.0,2023-02-24,2022-12-31
948,688689,-40.164031883039,84291714.89,2023-02-24,2022-12-31
949,688686,13.096276984409,342528700.0,2023-02-24,2022-12-31
950,688663,7.290443573988,124545000.0,2023-02-24,2022-12-31
951,688617,71.885754733338,357386744.25,2023-02-24,2022-12-31
952,688599,105.684646822246,3711027600.0,2023-02-24,2022-12-31
953,688521,455.312058018116,73814300.0,2023-02-24,2022-12-31
954,688520,40.128575789184,-518995800.0,2023-02-24,2022-12-31
955,688489,41.512897097668,105703200.0,2023-02-24,2022-12-31
956,688480,53.157573965027,68353000.0,2023-02-24,2022-12-31
957,688448,-20.312988940634,47620400.0,2023-02-24,2022-12-31
958,688439,71.269972524973,303018200.0,2023-02-24,2022-12-31
959,688401,130.311778290993,120467800.0,2023-02-24,2022-12-31
960,688381,5.290813893529,173766800.0,2023-02-24,2022-12-31
961,688333,246.588625939162,78139800.0,2023-02-24,2022-12-31
962,688332,-38.03954960399,142114100.0,2023-02-24,2022-12-31
963,688301,32.48926822364,641300445.36,2023-02-24,2022-12-31
964,688295,117.093438442253,605083700.0,2023-02-24,2022-12-31
965,688293,74.470890897345,105369365.72,2023-02-24,2022-12-31
966,688282,-23.550076088504,55864100.0,2023-02-24,2022-12-31
967,688279,4.973741095481,141996300.0,2023-02-24,2022-12-31
968,688268,54.745233346969,200117000.0,2023-02-24,2022-12-31
969,688267,13.499726194644,151716900.0,2023-02-24,2022-12-31
970,688259,16.382920696116,91580369.8,2023-02-24,2022-12-31
971,688238,-24.59392561001,40913300.0,2023-02-24,2022-12-31
972,688232,14.852088906346,578973400.0,2023-02-24,2022-12-31
973,688188,-11.620930285584,486260461.77,2023-02-24,2022-12-31
974,688181,0.357800100238,207447200.0,2023-02-24,2022-12-31
975,688101,-9.933324349905,222574300.0,2023-02-24,2022-12-31
976,688047,-78.547014249711,50801700.0,2023-02-24,2022-12-31
977,688041,145.17961803451,802005800.0,2023-02-24,2022-12-31
978,600015,6.373486297004,25035000000.0,2023-02-24,2022-12-31
979,300782,-49.608096102621,1075783800.0,2023-02-24,2022-12-31
980,300519,-4.759991429334,108840623.83,2023-02-24,2022-12-31
981,300458,-57.248742403921,211387338.07,2023-02-24,2022-12-31
982,002877,33.224997577719,84295441.26,2023-02-24,2022-12-31
983,002777,-15.530753285934,184567224.09,2023-02-24,2022-12-31
984,002332,20.365158910164,741380495.17,2023-02-24,2022-12-31
985,688799,12.23389796138,180428000.0,2023-02-23,2022-12-31
986,688768,42.602187467302,115843600.0,2023-02-23,2022-12-31
987,688722,226.743882774678,171631700.0,2023-02-23,2022-12-31
988,688687,-21.870060099022,83825300.0,2023-02-23,2022-12-31
989,688580,-47.19774098359,93888700.0,2023-02-23,2022-12-31
990,688512,4.059522814925,-305219600.0,2023-02-23,2022-12-31
991,688472,6077.73001402922,2161174700.0,2023-02-23,2022-12-31
992,688088,-59.961260600241,56369300.0,2023-02-23,2022-12-31
993,688078,28.189181348202,80859300.0,2023-02-23,2022-12-31
994,688013,4.894212600771,43446567.34,2023-02-23,2022-12-31
995,603948,34.272904437726,389421500.0,2023-02-23,2022-12-31
996,600853,30.177071969818,349963601.61,2023-02-23,2022-12-31
997,301337,8.697070481314,79050200.0,2023-02-23,2022-12-31
998,002498,7.488067510715,835346989.47,2023-02-23,2022-12-31
999,688789,6.72200598406,241834200.0,2023-02-22,2022-12-31
1000,688588,-3.241043583567,141261400.0,2023-02-22,2022-12-31
1001,688400,16.879140623818,200873400.0,2023-02-22,2022-12-31
1002,688085,2.973173243104,191911000.0,2023-02-22,2022-12-31
1003,688052,4.210091597963,233158200.0,2023-02-22,2022-12-31
1004,688037,155.314513991687,197484500.0,2023-02-22,2022-12-31
1005,688008,56.714429150774,1299378100.0,2023-02-22,2022-12-31
1006,688003,13.557017612177,152309325.1,2023-02-22,2022-12-31
1007,603767,-35.451298913593,41088864.15,2023-02-22,2022-12-31
1008,300306,-23.949566895869,80126590.18,2023-02-22,2022-12-31
1009,002941,40.511784888162,355189118.37,2023-02-22,2022-12-31
1010,002461,-2.131132520325,598164224.11,2023-02-22,2022-12-31
1011,002279,139.585606580821,52151402.45,2023-02-22,2022-12-31
1012,002268,21.210611941088,304681465.04,2023-02-22,2022-12-31
1013,688698,10.385901128961,139908500.0,2023-02-21,2022-12-31
1014,688571,-29.492793843637,79612209.36,2023-02-21,2022-12-31
1015,688536,-39.845324704488,266807400.0,2023-02-21,2022-12-31
1016,688253,25.306272473564,150683800.0,2023-02-21,2022-12-31
1017,688233,-25.769390114103,162151200.0,2023-02-21,2022-12-31
1018,688203,33.589984918412,47123600.0,2023-02-21,2022-12-31
1019,688202,28.601825011365,362943800.0,2023-02-21,2022-12-31
1020,688196,30.64228059208,450396682.47,2023-02-21,2022-12-31
1021,688062,-23.958093350626,-953965000.0,2023-02-21,2022-12-31
1022,688015,-21.02675405077,229817200.0,2023-02-21,2022-12-31
1023,605499,20.865765221234,1441880725.42,2023-02-21,2022-12-31
1024,300999,-27.119556009507,3011143000.0,2023-02-21,2022-12-31
1025,002443,-39.177470792962,234502454.27,2023-02-21,2022-12-31
1026,002410,45.665426734641,962811015.59,2023-02-21,2022-12-31
1027,002378,27.99902501786,211199371.88,2023-02-21,2022-12-31
1028,002270,-9.725193245422,376395300.0,2023-02-21,2022-12-31
1029,688283,60.22617607455,81260276.31,2023-02-20,2022-12-31
1030,300737,-72.413004626244,185555400.0,2023-02-20,2022-12-31
1031,300610,-19.220484380421,125033200.0,2023-02-20,2022-12-31
1032,300498,138.941471512371,5219854700.0,2023-02-20,2022-12-31
1033,300484,35.586124280137,83944354.85,2023-02-20,2022-12-31
1034,300183,17.023979506131,156048200.0,2023-02-20,2022-12-31
1035,002817,12.343595639135,63909800.0,2023-02-20,2022-12-31
1036,301307,125.43742055441,223916300.0,2023-02-19,2022-12-31
1037,688539,15.922971800806,81161700.0,2023-02-18,2022-12-31
1038,688459,32.430395597705,115274700.0,2023-02-18,2022-12-31
1039,688433,-15.515810893088,99182200.0,2023-02-18,2022-12-31
1040,688351,124.818152209315,2971800.0,2023-02-18,2022-12-31
1041,688313,31.90043895846,66166800.0,2023-02-18,2022-12-31
1042,688146,7.869142043373,383258400.0,2023-02-18,2022-12-31
1043,601838,28.199954640279,10039000000.0,2023-02-18,2022-12-31
1044,301429,-15.836849213834,84509400.0,2023-02-18,2022-12-31
1045,301360,17.371977693656,67440400.0,2023-02-18,2022-12-31
1046,301314,-17.390114327218,103100000.0,2023-02-18,2022-12-31
1047,301141,4.974974468728,89382200.0,2023-02-18,2022-12-31
1048,002415,-23.649539235262,12827191233.34,2023-02-18,2022-12-31
1049,688711,12.091278741465,77151744.69,2023-02-17,2022-12-31
1050,688466,30.711896077877,81424100.0,2023-02-17,2022-12-31
1051,688200,19.669524027447,525077800.0,2023-02-17,2022-12-31
1052,300087,38.051143401276,233369014.01,2023-02-17,2022-12-31
1053,002959,31.206049141334,371836500.0,2023-02-17,2022-12-31
1054,000534,7.646779806155,102579200.0,2023-02-17,2022-12-31
1055,688528,-95.30475528784,1371166.8,2023-02-16,2022-12-31
1056,688456,-27.421854706568,58955300.0,2023-02-16,2022-12-31
1057,688310,1.179451946445,65239600.0,2023-02-16,2022-12-31
1058,603051,-32.68563436139,76041000.0,2023-02-16,2022-12-31
1059,600299,-15.285326086957,1247000000.0,2023-02-16,2022-12-31
1060,002996,-41.096388010318,201562800.0,2023-02-16,2022-12-31
1061,688798,-117.751468619115,-51186200.0,2023-02-15,2022-12-31
1062,688357,-28.630914817335,196554600.0,2023-02-15,2022-12-31
1063,688056,-33.135388549771,46412785.91,2023-02-15,2022-12-31
1064,688050,35.27040891959,231778000.0,2023-02-15,2022-12-31
1065,688596,53.490856446567,258482900.0,2023-02-14,2022-12-31
1066,688432,136.800585589168,351325400.0,2023-02-14,2022-12-31
1067,600309,-34.117006129005,16239333200.0,2023-02-14,2022-12-31
1068,301076,61.321410739687,106946900.0,2023-02-14,2022-12-31
1069,002255,4.67875283901,345020210.5,2023-02-14,2022-12-31
1070,000088,-1.431761009934,454807399.78,2023-02-14,2022-12-31
1071,688626,-39.976393950591,121186100.0,2023-02-11,2022-12-31
1072,688389,31.009981239536,249373700.0,2023-02-11,2022-12-31
1073,688291,-22.798118898927,40745300.0,2023-02-11,2022-12-31
1074,688160,21.857377858861,91040500.0,2023-02-11,2022-12-31
1075,688157,-15.931885344173,81878079.74,2023-02-11,2022-12-31
1076,300945,-22.828964871621,54241900.0,2023-02-11,2022-12-31
1077,002907,3.534822670963,95024631.72,2023-02-11,2022-12-31
1078,002142,18.05484498107,23075000000.0,2023-02-11,2022-12-31
1079,688981,13.043761820909,12133100000.0,2023-02-10,2022-12-31
1080,688621,49.796143188116,158278200.0,2023-02-10,2022-12-31
1081,688338,7.149203472696,104329926.29,2023-02-10,2022-12-31
1082,688195,11.673852086194,58385100.0,2023-02-10,2022-12-31
1083,300019,-6.544097539253,250157900.0,2023-02-10,2022-12-31
1084,688517,16.797467206675,80762186.28,2023-02-09,2022-12-31
1085,688128,13.403550356708,357290700.0,2023-02-08,2022-12-31
1086,600905,10.194298263235,7099000000.0,2023-02-08,2022-12-31
1087,600132,8.348300191881,1263604900.0,2023-02-08,2022-12-31
1088,002790,49.122044537373,207822125.82,2023-02-08,2022-12-31
1089,600867,21.458666060464,1588988100.0,2023-02-07,2022-12-31
1090,603711,-5.543325890942,210208151.39,2023-02-06,2022-12-31
1091,688628,8.145445129171,117576542.55,2023-02-04,2022-12-31
1092,605338,-29.212912308866,222235000.0,2023-02-03,2022-12-31
1093,603228,13.109821978937,1057864700.0,2023-02-03,2022-12-31
1094,601633,23.089503419566,8279000000.0,2023-02-03,2022-12-31
1095,300627,22.891660407538,361714996.76,2023-02-03,2022-12-31
1096,002386,-11.90357907196,568347100.0,2023-02-03,2022-12-31
1097,002179,36.81339429014,2723951180.89,2023-02-03,2022-12-31
1098,000429,-24.290798913717,1287364541.28,2023-02-03,2022-12-31
1099,688103,18.316580780727,86375600.0,2023-02-02,2022-12-31
1100,603878,22.015126253949,215172793.98,2023-02-02,2022-12-31
1101,301085,9.125185653991,77073700.0,2023-02-02,2022-12-31
1102,301022,-4.232306026022,57770312.74,2023-02-02,2022-12-31
1103,601568,-21.718969426702,1448578300.0,2023-02-01,2022-12-31
1104,002463,28.004554971536,1361329502.0,2023-02-01,2022-12-31
1105,603416,-28.042835343209,218468500.0,2023-01-31,2022-12-31
1106,601860,5.662339856547,1601000000.0,2023-01-31,2022-12-31
1107,601166,10.518867924528,91377000000.0,2023-01-31,2022-12-31
1108,600900,-18.551364518707,21399000000.0,2023-01-31,2022-12-31
1109,301282,40.873025765388,141275500.0,2023-01-31,2022-12-31
1110,300653,8.103347112375,182210985.37,2023-01-31,2022-12-31
1111,002908,25.138948587632,114558932.72,2023-01-31,2022-12-31
1112,002320,-44.48709886582,147599700.0,2023-01-31,2022-12-31
1113,000750,-67.381431860086,249407900.0,2023-01-31,2022-12-31
1114,603323,29.357075513162,1501000000.0,2023-01-30,2022-12-31
1115,601665,18.174924332366,3587370000.0,2023-01-30,2022-12-31
1116,002966,26.114966590882,3918000000.0,2023-01-30,2022-12-31
1117,688538,-69.829601012825,-1605158400.0,2023-01-21,2022-12-31
1118,603392,134.437843825414,4739085213.69,2023-01-20,2022-12-31
1119,601825,13.162803033162,10974377000.0,2023-01-20,2022-12-31
1120,600644,-39.972684232002,70600300.0,2023-01-20,2022-12-31
1121,600566,27.708310708637,2195530500.0,2023-01-20,2022-12-31
1122,600325,-19.802483438635,2562101900.0,2023-01-20,2022-12-31
1123,301356,46.83077125745,410172200.0,2023-01-20,2022-12-31
1124,600269,-19.399558686956,719045000.0,2023-01-19,2022-12-31
1125,300428,10.796538848138,498629689.69,2023-01-19,2022-12-31
1126,300037,34.75819142805,1760804107.56,2023-01-19,2022-12-31
1127,601187,15.466310252494,2504000000.0,2023-01-18,2022-12-31
1128,601098,-8.133014446452,1392148900.0,2023-01-18,2022-12-31
1129,601018,-1.536956348094,4265102000.0,2023-01-18,2022-12-31
1130,003009,17.928143708093,144288463.73,2023-01-18,2022-12-31
1131,003006,-17.473263111342,188098900.0,2023-01-18,2022-12-31
1132,002841,21.797938180737,2069328700.0,2023-01-18,2022-12-31
1133,002807,26.881548885522,1616077600.0,2023-01-18,2022-12-31
1134,000498,17.297954680514,2504215500.0,2023-01-18,2022-12-31
1135,002839,29.500003403705,1688485300.0,2023-01-17,2022-12-31
1136,000027,-8.867544203558,2178555800.0,2023-01-17,2022-12-31
1137,000001,25.264200792602,45516000000.0,2023-01-17,2022-12-31
1138,603060,0.05246900329,252857891.06,2023-01-16,2022-12-31
1139,601577,8.040113724181,6811255000.0,2023-01-16,2022-12-31
1140,688297,23.149472214905,364197200.0,2023-01-14,2022-12-31
1141,600908,26.642283333154,2001000000.0,2023-01-14,2022-12-31
1142,600036,15.08480512333,138012000000.0,2023-01-14,2022-12-31
1143,000987,1.151471447819,2508899800.0,2023-01-14,2022-12-31
1144,601998,11.613738070847,62103000000.0,2023-01-13,2022-12-31
1145,600829,-7.1737369643,257403700.0,2023-01-13,2022-12-31
1146,600664,16.04266099535,430615400.0,2023-01-13,2022-12-31
1147,600030,-8.565614956766,21121000000.0,2023-01-13,2022-12-31
1148,688700,34.302285828658,216063100.0,2023-01-12,2022-12-31
1149,601918,-10.827279153482,2170396700.0,2023-01-12,2022-12-31
1150,300699,22.881297265879,931910500.0,2023-01-12,2022-12-31
1151,605177,51.583676624415,103822779.03,2023-01-11,2022-12-31
1152,603122,,,2023-01-11,2022-12-31
1153,601965,0.196669585698,693028000.0,2023-01-11,2022-12-31
1154,600018,18.256130790191,17360000000.0,2023-01-11,2022-12-31
1155,301505,1.947259461968,74500000.0,2023-01-11,2022-12-31
1156,002258,68.969804794501,1812009600.0,2023-01-11,2022-12-31
1157,600233,86.343313259955,3919561100.0,2023-01-10,2022-12-31
1158,002066,40.221732683066,67003600.0,2023-01-10,2022-12-31
1159,301456,41.96910766066,29073100.0,2023-07-24,2023-03-31
1160,688693,-31.14378885783,12344100.0,2023-07-14,2023-03-31
1161,688347,62.742000467836,1044228200.0,2023-07-05,2023-03-31
1162,688573,31.271831807412,-17894300.0,2023-06-15,2023-03-31
1163,688548,155.603462614201,74762500.0,2023-06-15,2023-03-31
1164,603275,17.052403436799,40829400.0,2023-06-15,2023-03-31
1165,603270,3.561633147885,34511500.0,2023-06-15,2023-03-31
1166,688610,-83.038795107789,2920000.0,2023-06-08,2023-03-31
1167,603119,24.870044516047,30997200.0,2023-06-01,2023-03-31
1168,301446,-7.556370940118,22250300.0,2023-06-01,2023-03-31
1169,688671,383.380081039016,13690900.0,2023-05-31,2023-03-31
1170,688627,80.124234738598,-3421500.0,2023-05-25,2023-03-31
1171,688591,13.553422347918,8351400.0,2023-05-25,2023-03-31
1172,301528,45.026132655713,-1903800.0,2023-05-25,2023-03-31
1173,301421,12.038324498132,10313800.0,2023-05-25,2023-03-31
1174,301512,-641.778104540488,-11998000.0,2023-05-22,2023-03-31
1175,301533,25.807849456829,13911800.0,2023-05-19,2023-03-31
1176,301511,-66.894071937513,40711200.0,2023-05-19,2023-03-31
1177,301507,9.006340410007,55273300.0,2023-05-19,2023-03-31
1178,301372,66.849912986715,-3216700.0,2023-05-19,2023-03-31
1179,688651,6.011880898685,-7064100.0,2023-05-17,2023-03-31
1180,301505,2.03986682206,3898400.0,2023-05-17,2023-03-31
1181,301305,-24.794407757214,43000000.0,2023-05-17,2023-03-31
1182,603296,203.473497854974,586061900.0,2023-05-15,2023-03-31
1183,301418,3.128078627084,22365900.0,2023-05-15,2023-03-31
1184,301519,92.307471568237,3987400.0,2023-05-12,2023-03-31
1185,301503,156.406516946096,9884300.0,2023-05-12,2023-03-31
1186,301487,-47.620431862931,14041500.0,2023-05-12,2023-03-31
1187,301371,-1.422230298146,159332600.0,2023-05-12,2023-03-31
1188,688602,-60.173916201389,20752000.0,2023-05-10,2023-03-31
1189,301498,93.693922614844,84984000.0,2023-05-10,2023-03-31
1190,301348,33.096928227024,15762900.0,2023-05-08,2023-03-31
1191,301329,-20.932094840774,18124800.0,2023-05-08,2023-03-31
1192,688469,-37.287506941251,-499593100.0,2023-05-05,2023-03-31
1193,688235,14.644608377568,-2446580000.0,2023-05-05,2023-03-31
1194,301518,-33.11542169532,19812100.0,2023-05-05,2023-03-31
1195,301515,235.302687940695,6098300.0,2023-05-05,2023-03-31
1196,301509,22.459527355369,40666700.0,2023-05-05,2023-03-31
1197,301499,10.845311466058,9784000.0,2023-05-05,2023-03-31
1198,301362,22.26246776833,45032500.0,2023-05-05,2023-03-31
1199,301291,229.856952567245,44365800.0,2023-05-05,2023-03-31
1200,300904,273.055322241272,4047600.0,2023-05-05,2023-03-31
1201,301293,28.849625485574,18590900.0,2023-04-27,2023-03-31
1202,601066,57.782592056872,2432550000.0,2023-04-24,2023-03-31
1203,301488,-0.687295933381,15769000.0,2023-04-24,2023-03-31
1204,301383,41.845216014267,18876800.0,2023-04-24,2023-03-31
1205,600909,242.382749436205,364221044.69,2023-04-22,2023-03-31
1206,601555,412.836672538602,583119400.0,2023-04-21,2023-03-31
1207,603619,193.398355025982,212611631.27,2023-04-20,2023-03-31
1208,600267,71.909171101941,232298800.0,2023-04-20,2023-03-31
1209,002801,-1.926482869531,75863200.0,2023-04-20,2023-03-31
1210,000028,43.526142416902,362205300.0,2023-04-18,2023-03-31
1211,601528,16.053511705686,347000000.0,2023-04-15,2023-03-31
1212,000686,245.928392067441,378092000.0,2023-04-15,2023-03-31
1213,000166,87.768140440409,2010990400.0,2023-04-15,2023-03-31
1214,603866,-12.154410340116,138743500.0,2023-04-14,2023-03-31
1215,603712,22.752427947942,24975700.0,2023-04-14,2023-03-31
1216,601901,16.551600676749,556003700.0,2023-04-14,2023-03-31
1217,603093,121.742920165078,62327500.0,2023-04-13,2023-03-31
1218,603081,-69.233912887614,21455500.0,2023-04-13,2023-03-31
1219,601139,13.999470385736,258300000.0,2023-04-13,2023-03-31
1220,600161,109.232934800497,261909000.0,2023-04-13,2023-03-31
1221,603856,10.756215549385,47942600.0,2023-04-12,2023-03-31
1222,301429,6.967096211341,19797200.0,2023-04-12,2023-03-31
1223,601231,,,2023-04-11,2023-03-31
1224,600356,11.058567942865,25133305.27,2023-04-11,2023-03-31
1225,688603,-9.256217920512,11348500.0,2023-04-10,2023-03-31
1226,603551,115.242219550972,59974079.75,2023-04-10,2023-03-31
1227,601128,20.637329286798,795000000.0,2023-04-10,2023-03-31
1228,600958,525.670691795904,1428089600.0,2023-04-10,2023-03-31
1229,600674,103.649879126999,1135979029.85,2023-04-10,2023-03-31
1230,000906,58.953078526605,265126900.0,2023-04-07,2023-03-31
1231,300962,2.879917011329,29302851.57,2023-04-03,2023-03-31
