,选项,指标,20230331,20221231,20220930,20220630,20220331,20211231,20210930,20210630,20210331,20201231,20200930,20200630,20200331,20191231,20190930,20190630,20190331,20181231,20180930,20180630,20180331,20171231,20170930,20170630,20170331,20161231,20160930,20160630,20160331,20151231,20150930,20150630,20150331,20141231,20140930,20140630,20140331,20131231,20130930,20130630,20130331,20121231,20120930,20120630,20120331,20111231,20110930,20110630,20110331,20101231,20100930,20100630,20100331,20091231,20090930,20090630,20090331,20081231,20080930,20080630,20080331,20071231,20070930,20070630,20070331,20061231,20060930,20060630,20060331,20051231,20050930,20050630,20050331,20041231,20040930,20040630,20040331,20031231,20030930,20030630,20030331,20021231,20020630,20011231,20001231
0,常用指标,归母净利润,44726227.5,-1071204611.73,-627184925.64,-517233391.47,-82702163.22,-405846660.4,-490145413.05,-410046869.28,-154723719.92,-250252741.45,-299385012.9,-168377102.34,-63008996.95,1073896263.95,646009904.87,472998415.29,243466874.34,1129170962.91,918641025.99,703051235.0,432826612.21,1595784592.59,1176700708.32,780903028.42,407846549.47,1393853026.37,1056932376.4,699161580.52,347243361.49,1252912553.39,926277348.71,618245247.4,309451513.69,1087642575.52,744891353.11,524344963.94,249154031.79,894957615.68,664635416.02,451345703.26,216375017.35,753089789.84,576252796.06,389103213.64,180215609.8,697102478.89,494608509.16,328126981.55,166598374.14,587778570.54,456151344.95,274013149.08,157556852.5,543894656.68,378685744.03,253905290.54,120362159.31,485774462.75,375066200.54,250235105.32,132641967.28,360862631.91,302777791.6,186879370.18,95421081.16,293881503.35,222818143.74,129282630.95,72191445.42,251512856.24,193439102.17,129581746.29,62531691.47,300390688.05,263207860.8,223202810.32,120968226.44,296143763.64,201695428.91,93269866.43,71703867.16,286680304.5,136567896.71,296790169.3,196757724.33
1,常用指标,营业总收入,1359270870.5,3970959862.12,3307660191.44,2032359107.9,1238918088.11,5180238340.82,3629240652.5,2395562379.95,1185443639.61,5224638139.32,3761200353.53,2353508327.45,1314178096.01,8238623227.28,6116260772.09,4042560015.27,2008767235.77,7746817875.68,5803394924.71,3720615775.06,1723798620.17,6761550874.37,4918489181.87,3213661518.38,1583747526.69,6166683056.12,4534592334.78,3019266583.12,1458481996.2,5632533698.58,4196487790.03,2773932728.75,1389542513.23,5527678576.31,4079988837.69,2681437778.79,1288196061.04,5141313419.26,3796730790.04,2462324707.53,1184294457.58,4673315397.0,3460081754.52,2289404113.94,1111786173.66,4239351634.93,3105533447.91,2028306165.18,986571753.74,3865479479.2,2735574710.42,1772855408.44,866730658.67,3306089482.58,2349252600.06,1549833425.46,768414498.45,3049701649.16,2265222000.34,1511455848.98,754796835.01,2683440041.75,1953381247.08,1274734794.43,621061130.22,2409797561.55,1782559040.05,1187910368.91,589704365.51,2149308234.93,1520411535.9,979579514.6,446053032.57,1573941614.2,1093635054.1,714288559.48,349186247.05,1074704071.12,707547899.46,403001804.17,251104992.19,953267504.3,438115290.63,851587747.68,783349967.97
2,常用指标,营业成本,1310380177.32,5578197809.52,4212766213.16,2800748177.81,1377989748.94,5864561699.34,4317764263.61,2954114222.79,1398921238.67,5722639515.75,4237039570.07,2684853401.39,1301411816.35,6959268450.64,5322348369.42,3445505051.96,1656942441.21,6274446776.81,4627133097.53,2795845084.14,1143989444.92,4676282519.9,3379648080.37,2193721979.53,1083057259.85,4297098365.89,3144787863.07,2100396176.28,1002078097.22,3903693337.42,2922531397.73,1921963843.27,959915021.18,3961419574.69,3052362503.66,1980701849.98,942245089.01,3827968044.52,2875850278.28,1840802770.54,876138737.59,3531216533.52,2681512803.2,1769334812.25,872552738.76,3289189793.41,2399503923.82,1564615630.01,760778114.63,3034051569.74,2085893753.03,1379440693.94,642326171.09,2553120529.57,1806742862.18,1190660991.54,593418074.99,2341595780.97,1709630227.94,1141254015.2,565231062.0,2088946561.71,1443003437.07,968434725.99,467357823.94,1937505837.53,1414902665.26,970482777.77,469200480.32,1749645338.42,1204651242.57,764455505.87,351559523.19,1094512809.97,674923650.5,362078237.84,160408066.69,605314683.54,391289373.19,260232819.79,139095172.77,581293157.72,266415027.2,531782586.66,465476576.44
3,常用指标,净利润,51150627.1,-1091789852.15,-632197812.49,-530623709.84,-77106896.98,-385406197.12,-482221301.92,-398967903.86,-152625642.33,-231929979.51,-285486472.21,-168821898.41,-63499154.35,1130647703.38,687930527.14,494846402.02,265072071.73,1161928946.16,939631066.07,715790949.4,436436314.2,1601244176.32,1180049882.34,786451405.75,410774438.58,1391941654.59,1059693410.16,702212899.01,346777207.37,1293305229.2,963266648.28,649543648.95,323870176.92,1156854699.43,795687915.22,557628693.83,266014710.68,950544033.99,707267177.96,478932761.39,231148687.45,791113116.51,608419202.34,408646352.71,190838853.21,730351975.23,516053775.41,338989572.7,171247892.84,622596120.29,484984203.71,292537697.19,166953807.41,566414871.8,400267874.44,269309766.39,128730371.03,517354519.46,404477056.48,270937349.97,143947088.67,392337364.15,338280716.22,197252285.1,101218384.32,306614045.16,245983643.31,144448567.17,82168111.4,261558105.73,197217004.55,130849772.21,61824644.44,310891146.57,277743555.6,234393483.71,127236038.12,312149875.5,209321026.94,94666964.26,75007201.43,296590044.66,140611151.48,300977320.37,201929320.36
4,常用指标,扣非净利润,38262999.79,-1122150771.32,-653202990.1,-535900038.65,-90839201.65,-454625431.05,-523264094.46,-431409322.63,-165855895.88,-652981325.94,-482430603.18,-338023087.61,-186544940.33,1019169757.21,592570670.28,445642831.77,234171165.81,1078229015.37,914633402.37,700857214.35,431843540.39,1564238738.86,1198716151.01,780332987.27,403144259.39,1391704515.38,1047461452.4,689891788.55,342541071.41,1236985620.34,910266848.94,609181943.73,304780212.9,1109822180.45,728634643.2,512456052.91,241242513.55,915748005.55,649549067.16,441335400.71,211250215.13,806728917.26,551263376.48,368405806.69,164639655.71,672617938.34,480660408.45,318916937.0,161675939.64,579579931.44,452407528.76,270074620.87,157193491.98,543523889.92,376258989.79,251572756.54,118836210.07,488286010.39,375834816.13,250883867.64,132567211.82,359047850.52,302200773.48,186444184.28,95319413.74,294250621.53,222818143.74,128505024.13,71939570.13,250678611.76,192229258.94,129027021.22,62288072.62,284261692.89,266147919.59,225471451.35,122457933.39,295438801.64,202122756.97,93547376.99,71832404.3,286680304.5,136405881.56,198524349.12,196757724.33
5,常用指标,股东权益合计(净资产),17457813858.34,17408601899.19,17914532833.67,18060333480.28,18523220521.56,18600973641.19,18500387419.37,18546266558.13,18902414342.78,19463369309.63,16226889606.13,16640304472.04,16747534034.14,17170974885.48,16013082801.27,16195990093.55,16000116890.93,15742310661.96,15823669691.74,15801292850.25,15549228655.2,15099787202.04,14685905337.31,14291459227.26,11363719531.42,10874475844.16,10797248435.01,10434593352.69,10490897006.99,9561151214.26,9429678065.68,9163775542.45,9172536118.51,8856587611.47,8399177028.74,8153186246.87,8285182294.9,8026385121.61,7793229120.55,7566214703.98,7709450477.62,7472691790.17,7281057406.82,7087224557.19,7275481581.46,7088626454.11,6876525680.27,6730320670.6,6927660764.17,6761157945.75,6555366029.17,6378121423.68,6552325387.93,6385371580.52,6222824583.16,6107964289.19,6162884893.83,6034154522.8,5924945056.52,5799998716.64,5880040238.99,5736093150.32,4518023282.89,4416501478.16,4328331244.31,4373223016.98,4300928485.45,4204568309.03,4249838571.7,4153097839.31,4078963343.87,4012837470.49,4199258452.62,4135591036.8,4082735527.83,4114857579.94,4017536059.83,3890300021.7,3788581547.33,3673927484.86,1371837731.03,1433330529.6,,1129696762.56,972486180.53
6,常用指标,商誉,,,,,,,,,,,,,,,,,,,,,,,,,,,,,,,,,,,,,,,,,,,,,,,,,,,,,,,,,,,,,,,,,,,,,,,,,,,,,,,,,,,,,
7,常用指标,经营现金流量净额,251852443.52,868506661.92,443502027.22,166837065.95,177793365.01,844850285.57,350381642.4,348335314.11,171780523.88,-34625928.27,448419562.11,378581239.86,627766711.22,3062424617.05,2452080806.78,1413914118.15,423617496.99,3119314301.61,2578877273.71,1725639371.98,636535663.17,2153068900.14,1591489962.48,1607753054.48,443738332.73,1956099715.66,1314892443.81,1010386361.69,97578728.65,1765759045.9,1209008984.12,1064719807.89,224087496.09,1823799354.15,1141974147.04,827492221.07,110414871.86,1965968927.28,1425917380.56,895776602.7,216988976.32,1796659660.92,1231863627.05,878603093.71,265016285.38,1310123346.88,759127008.42,452665299.04,60278942.15,1646454332.71,1581501597.63,674812182.06,214291040.36,1155240866.83,630370222.09,471014601.11,149132306.82,996375080.46,526013901.84,227605028.86,77241738.45,1143664416.49,907792375.78,244059635.2,168491635.71,1041718763.71,606963883.08,360662052.42,176842749.96,465104333.38,461333359.83,182709932.55,81641987.8,291479375.66,275925669.53,198410515.18,142955995.04,381992837.72,276182380.85,210184480.28,113662704.92,284358823.68,124769472.61,,
8,常用指标,基本每股收益,0.02,-0.45,-0.27,-0.22,-0.03,-0.17,-0.21,-0.17,-0.07,-0.12,-0.14,-0.08,-0.03,0.52,0.31,0.23,0.12,0.55,0.44,0.34,0.21,0.82,0.57,0.55,0.35,0.84,0.92,0.61,0.3,1.09,0.81,0.54,0.27,0.95,0.65,0.46,0.217,0.78,0.578,0.39,0.188,0.65,0.501,0.338,0.157,0.61,0.43,0.285,0.145,0.51,0.4,0.238,0.137,0.47,0.329,0.221,0.105,0.42,0.326,0.22,0.115,0.36,0.303,0.187,0.095,0.29,0.223,0.129,0.07,0.25,,0.13,,0.28,,0.22,,0.34,,0.13,,0.48,,0.49,0.33
9,常用指标,每股净资产,7.281513,7.263434,7.466006,7.515057,7.702617,7.737834,7.707063,7.746231,7.900507,8.138373,7.746009,7.952723,8.004564,8.21102,7.656895,7.754923,7.660447,7.546303,7.591424,7.577458,7.46107,7.251751,6.856068,9.673558,9.395402,9.023905,9.247269,8.931874,8.947911,8.141397,8.034355,7.808084,7.648123,7.383249,7.0013,6.8026,6.931689,6.720098,6.525767,6.3414,6.476593,6.283562,6.1186,5.961,6.129672,5.9738,5.799481,5.666462,5.839776,5.6986,5.5214,5.363,5.521768,5.384762,5.2411,5.132597,5.186472,5.0818,4.98446,4.8757,4.953684,4.83818,4.3425,4.226789,4.137164,4.1904,4.1027,4.01436,4.057696,3.9859,3.9101,3.846274,4.029175,3.983462,3.946161,4.0036,3.900358,3.779389,3.6849,3.5765,2.1205,2.241,,1.7632,1.498566
10,常用指标,每股现金流,0.106414,0.366966,0.187391,0.070492,0.075122,0.356971,0.148045,0.14718,0.072581,-0.01463,0.216698,0.182949,0.303368,1.479917,1.184969,0.683274,0.204713,1.507409,1.246243,0.833915,0.307606,1.040471,0.769088,1.126573,0.383718,1.70086,1.143358,0.878596,0.084851,1.535442,1.051312,0.925843,0.194858,1.585912,0.993,0.719558,0.096,1.7095,1.2399,0.7789,0.188686,1.5623,1.071185,0.764,0.2304,1.1392,0.6601,0.3936,0.0524,1.431699,1.3752,0.586793,0.1863,1.004557,0.5481,0.409577,0.12968,0.8664,0.4574,0.1979,0.067166,0.99449,0.907792,0.244059,0.168491,1.0417,0.606963,0.360662,0.1768,0.4651,0.4613,0.1827,0.0816,0.291479,0.2759,0.1984,0.142955,0.381992,0.276182,0.210184,0.1894,0.4739,,,
11,常用指标,净资产收益率(ROE),0.26,-6.03,-3.49,-2.87,-0.45,-2.18,-2.64,-2.2,-0.82,-1.46,-1.81,-1.01,-0.09,6.42,3.91,2.86,0.72,7.36,5.9,4.55,2.85,12.24,10.43,6.93,2.94,13.53,10.59,7.01,3.86,13.97,10.48,7.03,3.434,13.38,9.36,6.56,3.173,11.91,8.94,6.06,2.95,10.64,8.2,5.51,,10.36,,4.88,,9.28,,4.33,2.481,9.04,,4.25,,8.52,,,,8.4,,,,7.19,,,,6.35,,3.25,,7.23,,5.74,,10.27,,4.64,,23.86,,28.33,
12,常用指标,总资产报酬率(ROA),0.333519,-4.783007,-2.560297,-2.219264,-0.265793,-1.491114,-1.761375,-1.728622,-0.568354,,,,,5.631364,3.593109,2.610161,1.432353,6.864692,5.252705,3.960828,2.570862,11.006146,8.308015,5.698806,2.993674,12.718288,9.538617,6.389776,3.187369,14.603792,11.102051,7.342379,3.772743,14.399459,10.109176,6.8812,3.49616,13.0425,9.484589,6.328878,3.1761,10.871287,8.22,5.5184,2.667393,9.591692,6.65345,4.49966,2.209273,7.890788,6.6737,4.193074,2.1644,8.1522,6.94809,4.579251,2.228955,8.765256,6.922355,4.6425,2.4178,8.3682,7.9959,4.7537,2.345462,8.08837,6.193451,3.768484,2.033363,6.376855,4.700573,3.209284,1.3854,8.105,7.533259,7.763452,4.156563,14.6395,10.1029,4.9805,6.021275,23.1247,,23.276,25.469118
13,常用指标,毛利率,16.925263,-24.123751,-10.776395,-21.157045,1.817792,-0.915747,-5.405804,-9.263499,-3.34593,-1.155579,-2.563562,-5.120607,4.713887,26.247254,23.389099,24.681802,22.260058,29.748148,28.560307,32.150736,39.712422,40.562664,38.951458,39.462722,38.675561,39.610373,39.360239,38.913193,39.52466,40.02813,40.011836,39.848031,39.687548,38.623691,34.375979,34.974665,35.997562,36.5677,34.201965,35.318494,36.170595,38.9539,37.3262,36.974593,37.0413,37.3863,38.2444,38.067787,39.8023,36.5531,39.2844,38.881494,41.5976,42.5477,42.4424,42.9182,40.0656,42.17509,43.51449,43.916196,45.4998,46.75426,48.208,47.486477,48.565978,47.6717,47.88309,46.5783,48.447077,44.8186,46.783393,49.415255,49.9156,55.342158,61.1025,69.6817,70.4985,64.327698,63.7209,57.800752,64.35505,61.033066,61.5039,58.9871,59.7727
14,常用指标,销售净利率,3.763093,-27.494356,-19.113142,-26.108757,-6.223728,-7.439931,-13.287112,-16.654456,-12.87498,-4.439158,-7.590302,-7.173201,-4.831853,13.723745,11.247566,12.240916,13.195758,14.99879,16.191058,19.238507,25.318288,23.681611,23.992121,24.472129,25.936863,22.571966,23.369099,23.25773,23.776584,22.96134,22.954115,23.415984,23.307683,20.9284,19.5022,20.795884,20.650172,18.48835,18.6283,19.4504,19.5178,16.9283,17.583954,17.849463,17.165068,17.2279,16.6172,16.7129,17.357875,16.106569,17.728786,16.5009,19.262478,17.132472,17.038094,17.376691,16.7527,16.9641,17.855956,17.925588,19.070971,14.620686,17.3177,15.473986,16.297652,12.7236,13.799466,12.159887,13.93378,12.1694,12.97129,13.3577,13.860379,19.752393,25.396365,32.814957,36.437872,29.396766,29.977286,23.946897,30.3898,31.563696,32.522594,35.899676,25.8799
15,常用指标,期间费用率,9.988431,12.668182,12.917695,12.854159,9.958582,9.803036,11.358839,11.469697,11.779864,6.081526,7.775455,6.971244,3.077279,8.277516,7.30154,7.159015,2.812481,8.684851,7.431603,6.361564,4.401657,7.788685,6.794339,6.87956,5.588771,7.906168,8.137237,7.997755,6.916869,9.082092,8.552104,8.112816,7.001495,9.272437,8.026178,7.743579,7.815974,10.1721,8.8068,8.8015,8.783385,11.1988,10.5011,9.9295,11.1245,11.493863,11.1275,10.78119,12.3073,11.111688,11.320979,12.024087,11.151959,13.5247,13.277057,13.381565,12.4044,14.328595,14.759568,15.086559,16.281897,20.6927,18.2582,19.4801,20.21729,24.617766,23.726669,24.852252,24.6849,22.668253,22.521777,23.909263,25.38258,21.3104,19.450885,17.075368,13.245663,18.163495,16.5693,20.388671,17.452682,19.4442,19.748068,18.9071,15.9727
16,常用指标,资产负债率,35.182794,35.381987,34.828528,34.739647,32.029443,32.470676,33.632599,34.256301,33.84132,25.989969,37.232512,34.937961,35.833968,34.439623,38.247041,37.793886,37.311575,41.835089,43.347314,43.631611,33.763025,32.948062,27.194759,26.232891,38.931138,38.712775,36.27758,37.177225,34.983596,23.036232,19.530517,22.28177,20.661355,20.022851,20.190297,22.81085,19.106274,19.3307,22.084191,28.626194,25.471558,26.336,29.7628,33.6948,30.5671,33.3742,42.9585,40.109574,38.392054,40.1164,37.473992,40.305261,42.7287,43.1469,32.357482,35.995673,33.7101,33.110461,36.7221,38.020171,35.523283,37.043669,38.8505,41.730367,44.108498,41.8174,46.237,46.9586,47.166895,47.068785,48.830255,49.2514,47.921351,47.2832,41.91955,11.463592,11.665666,9.875351,9.5937,8.491875,25.6742,14.0736,,21.664356,17.404764
17,每股指标,基本每股收益,0.02,-0.45,-0.27,-0.22,-0.03,-0.17,-0.21,-0.17,-0.07,-0.12,-0.14,-0.08,-0.03,0.52,0.31,0.23,0.12,0.55,0.44,0.34,0.21,0.82,0.57,0.55,0.35,0.84,0.92,0.61,0.3,1.09,0.81,0.54,0.27,0.95,0.65,0.46,0.217,0.78,0.578,0.39,0.188,0.65,0.501,0.338,0.157,0.61,0.43,0.285,0.145,0.51,0.4,0.238,0.137,0.47,0.329,0.221,0.105,0.42,0.326,0.22,0.115,0.36,0.303,0.187,0.095,0.29,0.223,0.129,0.07,0.25,,0.13,,0.28,,0.22,,0.34,,0.13,,0.48,,0.49,0.33
18,每股指标,稀释每股收益,0.02,-0.45,-0.27,-0.22,-0.03,-0.17,-0.21,-0.17,-0.07,-0.12,-0.14,-0.08,-0.03,0.52,0.31,0.23,0.12,0.55,0.44,0.34,0.21,0.82,0.57,0.55,0.29,0.72,0.92,0.61,0.3,1.09,0.81,0.54,0.27,0.95,0.65,0.46,0.217,0.78,0.578,0.39,0.188,0.65,0.501,0.338,0.157,0.61,0.43,0.285,0.145,0.51,0.4,0.238,0.137,0.47,0.329,0.221,0.105,0.42,0.326,0.22,0.115,0.36,0.303,0.187,0.095,0.29,0.223,0.129,0.07,,,,,,,,,,,,,,,,
19,每股指标,摊薄每股净资产_期末股数,7.281513,7.263434,7.466006,7.515057,7.702617,7.737834,7.707063,7.746231,7.900507,8.138373,7.746009,7.952723,8.004564,8.21102,7.656895,7.754923,7.660447,7.546303,7.591424,7.577458,7.46107,7.251751,6.856068,9.673558,9.395402,9.023905,9.247269,8.931874,8.947911,8.141397,8.034355,7.808084,7.648123,7.383249,7.0013,6.8026,6.931689,6.720098,6.525767,6.3414,6.476593,6.283562,6.1186,5.961,6.129672,5.9738,5.799481,5.666462,5.839776,5.6986,5.5214,5.363,5.521768,5.384762,5.2411,5.132597,5.186472,5.0818,4.98446,4.8757,4.953684,4.83818,4.3425,4.226789,4.137164,4.1904,4.1027,4.01436,4.057696,3.9859,3.9101,3.846274,4.029175,3.983462,3.946161,4.0036,3.900358,3.779389,3.6849,3.5765,2.1205,2.241,,1.7632,1.498566
20,每股指标,调整每股净资产_期末股数,7.146283,7.121734,7.320815,7.366479,7.547511,7.576199,7.539543,7.572271,7.721655,7.953081,7.527604,7.726967,7.770988,7.969966,7.408371,7.499002,7.399828,7.280447,7.320931,7.299875,7.447457,7.238246,6.845183,9.658536,9.376615,9.00451,9.227867,8.911967,8.928574,8.12157,8.016617,7.790159,7.630011,7.364801,6.9842,6.7853,6.9142,6.702457,6.508187,6.323584,6.458158,6.2648,6.099452,5.9414,6.11,5.953798,5.779,5.645593,5.818489,5.6769,5.500767,5.3407,5.497998,5.3595,5.217699,5.1084,5.161554,5.0561,4.9579,4.84845,4.924989,4.811854,4.311469,4.1722,4.0816,4.133879,4.044952,3.9557,3.998357,3.9254,3.86125,3.7968,3.9793,3.9332,3.895752,3.9527,3.849191,3.7278,3.633,3.5242,2.0327,2.152581,,1.673892,1.410781
21,每股指标,每股净资产_最新股数,7.281513,7.263434,7.466006,7.515057,7.702617,7.737834,7.707063,7.746231,7.900507,8.138373,6.772659,6.953397,6.998724,7.179237,6.694743,6.780453,6.697848,6.598047,6.637498,6.625288,6.523525,6.340508,5.994546,5.8331,4.590745,4.385005,4.493395,4.340041,4.347833,3.955945,3.903932,3.793986,3.71626,4.103152,3.890891,3.780479,3.852203,3.734613,3.626616,3.524182,3.599288,3.492014,3.400338,3.312768,3.406491,3.31988,3.222992,3.149068,3.245385,3.16695,3.06846,2.980441,3.068656,2.992516,2.912679,2.852379,2.88232,2.824154,2.770054,2.709638,2.75295,2.68876,2.098516,2.042598,1.999286,2.025019,1.982641,1.939941,1.960883,1.926203,1.889572,1.858713,1.9471,1.925009,1.906984,1.934744,1.884849,1.826391,1.780749,1.728352,0.614846,0.649783,,0.511245,0.434509
22,每股指标,每股经营现金流,0.106414,0.366966,0.187391,0.070492,0.075122,0.356971,0.148045,0.14718,0.072581,-0.01463,0.216698,0.182949,0.303368,1.479917,1.184969,0.683274,0.204713,1.507409,1.246243,0.833915,0.307606,1.040471,0.769088,1.126573,0.383718,1.70086,1.143358,0.878596,0.084851,1.535442,1.051312,0.925843,0.194858,1.585912,0.993,0.719558,0.096,1.7095,1.2399,0.7789,0.188686,1.5623,1.071185,0.764,0.2304,1.1392,0.6601,0.3936,0.0524,1.431699,1.3752,0.586793,0.1863,1.004557,0.5481,0.409577,0.12968,0.8664,0.4574,0.1979,0.067166,0.99449,0.907792,0.244059,0.168491,1.0417,0.606963,0.360662,0.1768,0.4651,0.4613,0.1827,0.0816,0.291479,0.2759,0.1984,0.142955,0.381992,0.276182,0.210184,0.1894,0.4739,,,
23,每股指标,每股现金流量净额,0.020806,0.277995,0.308652,0.249035,-0.078956,-0.317751,-0.187084,-0.106967,-0.097521,0.458346,0.115211,0.005665,0.201657,-0.504202,-0.180466,-0.32335,-0.670485,-0.26384,0.311493,0.09379,-0.014918,0.893343,0.007115,0.228823,-0.306562,-0.307691,0.954382,1.523717,1.211474,-1.52367,-1.1824,-0.744538,0.186333,1.175401,0.5955,0.6968,0.084554,0.485165,0.0442,0.558797,0.0161,0.2703,-0.021693,0.258986,-0.211,-0.0699,0.917498,0.1746,-0.139052,-0.207196,-0.1655,-0.355391,0.1704,0.518566,0.2043,0.371169,0.1023,0.0044,0.0688,0.0251,-0.1205,0.063,0.041062,-0.0545,0.034976,0.1075,0.108764,0.0416,0.1343,-0.6425,-0.425053,-0.5181,0.031687,0.072183,0.116796,0.1673,0.141684,0.0146,-0.083266,-0.1435,0.192,0.184586,,,
24,每股指标,每股企业自由现金流量,-0.202875,0.16299,-0.989571,-0.495369,-0.228143,0.216712,-0.419583,0.085783,-0.126275,-1.009696,-0.995663,0.188166,-0.05583,0.264056,-0.539122,-0.11147,-0.319106,2.66305,0.311658,2.148432,-0.032169,-0.496715,0.038266,0.501292,-0.058583,-2.550107,-2.901951,-2.564848,-3.06243,0.70377,-0.00315,0.297785,-0.128835,0.395628,-0.026,0.3874,-0.135664,0.2793,-0.0777,0.377468,-0.1509,0.1878,-0.037087,0.4,-0.141972,-0.107854,-0.117855,0.31849,-0.137691,-0.5306,-0.986478,-0.5544,-0.0882,1.7037,-0.1579,0.206698,-0.091094,-0.2045,-0.223,0.1513,-0.1967,0.802194,-0.0285,0.1773,0.077769,1.209157,0.8655,0.1182,-5.9e-05,-3.68566,-3.0885,-3.024186,-0.0181,3.245858,2.512154,0.027,0.0016,-2.154274,-2.1657,-2.1472,0.2111,-0.0198,,0.3228,-0.658154
25,每股指标,每股股东自由现金流量,-0.202875,0.585308,-0.567149,-0.072947,-0.228143,0.208261,-0.419583,0.085783,-0.126275,-1.254813,-0.524977,0.176084,-0.067912,-0.977897,-1.302658,-0.809767,-0.947331,2.082874,0.313951,1.954183,-0.032169,1.615089,0.796969,0.641434,-0.058583,0.453697,0.104936,0.442108,-0.055473,0.70377,-0.00315,0.297785,-0.128835,0.395628,-0.026,0.3874,-0.135664,-0.4876,-0.8447,0.2192,-0.3122,-0.423494,-0.648391,-0.037367,-0.533277,-0.2687,0.595188,0.161968,-0.2942,-0.5132,-1.456,-0.5892,-0.0882,1.9228,-0.164874,0.206698,-0.091094,-0.3106,-0.344784,0.03826,-0.3619,0.2428,-0.649398,-0.026886,-0.0337,0.569157,0.590195,-0.1138,0.00326,-1.1576,-0.9885,-0.924186,-0.0181,3.245858,2.512154,0.027,0.0016,-2.154274,-2.1657,-2.1472,0.2087,-0.0198,,0.3228,-0.658154
26,每股指标,每股未分配利润,1.714368,1.69547,1.883346,1.929803,2.113404,2.148348,2.121144,2.154987,2.305168,2.544263,2.886966,3.095137,3.146435,3.180146,3.013392,3.11345,3.014599,2.906547,2.918229,2.9846,2.853701,2.64485,2.499166,3.806049,4.838199,4.510294,4.399041,4.084439,4.100757,3.618538,3.515883,3.248029,3.269513,3.000425,2.7028,2.5106,2.6413,2.4246,2.23978,2.0543,2.179989,1.9918,1.8976,1.7349,1.903266,1.746557,1.624299,1.4798,1.6393,1.494473,1.4266,1.2682,1.426978,1.289972,1.1922,1.0837,1.13759,1.0329,0.977,0.8683,0.9462,0.8307,0.88549,0.769591,0.679462,0.7761,0.6807,0.5898,0.533177,0.5614,0.530586,0.4667,0.399678,0.6051,0.6156,0.5756,0.473381,0.3524,0.4084,0.3,0.464058,0.344552,,0.179969,-0.010899
27,每股指标,每股资本公积金,4.184041,4.184041,4.201825,4.201825,4.201825,4.201825,4.196858,4.196858,4.196858,4.196858,3.403322,3.403322,3.403322,3.563833,3.226546,3.226546,3.226546,3.226546,3.224413,3.218593,3.226546,3.226546,3.043475,4.413039,2.994671,2.953593,3.291562,3.291599,3.291599,2.953537,2.959264,2.959264,2.79552,2.79552,2.79849,2.792,2.790385,2.770485,2.801398,2.8025,2.812,2.8071,2.7959,2.8011,2.801398,2.802259,2.804268,2.8157,2.8295,2.83325,2.770485,2.770485,2.770485,2.770485,2.770485,2.770485,2.770485,2.770485,2.770485,2.770485,2.770485,2.770485,2.1869,2.1869,2.1869,2.172,2.1847,2.187253,2.187253,2.187253,2.1863,2.1863,2.186296,2.186296,2.186177,2.1836,2.1826,2.1826,2.1826,2.1826,0.499963,0.499963,,0.499963,0.499963
28,每股指标,每股盈余公积金,0.375071,0.375071,0.375071,0.375071,0.375071,0.375071,0.375071,0.375071,0.375071,0.375071,0.428976,0.428976,0.428976,0.428976,0.388145,0.388145,0.388145,0.388145,0.415779,0.345166,0.345166,0.345166,0.277868,0.40291,0.497225,0.499971,0.499988,0.5,0.5,0.5,0.5,0.5,0.5,0.5,0.5,0.5,0.5,0.5,0.484588,0.484588,0.484588,0.484588,0.425,0.425,0.425,0.425,0.3709,0.3709,0.3709,0.3709,0.3243,0.3243,0.3243,0.3243,0.278396,0.278396,0.278396,0.278396,0.238189,0.238189,0.238189,0.238189,0.270783,0.270783,0.270783,0.2422,0.237266,0.237266,0.237266,0.237266,0.1932,0.1932,0.1932,0.192,0.144361,0.144361,0.144361,0.144361,0.0939,0.0939,0.1565,0.1565,,0.083282,0.0095
29,每股指标,每股留存收益,2.08944,2.070542,2.258418,2.304875,2.488476,2.52342,2.496216,2.530059,2.68024,2.919335,3.315942,3.524114,3.575411,3.609122,3.401537,3.501595,3.402744,3.294692,3.334008,3.329767,3.198868,2.990017,2.777035,4.20896,5.335425,5.010266,4.899029,4.584439,4.600757,4.118538,4.015883,3.748029,3.769513,3.500425,3.2028,3.0106,3.1413,2.9246,2.724368,2.538899,2.664577,2.4764,2.322653,2.1599,2.328273,2.171564,1.9952,1.8507,2.010256,1.865388,1.7509,1.5925,1.751282,1.614276,1.4706,1.3621,1.415987,1.3113,1.2152,1.1065,1.1844,1.0689,1.156273,1.040375,0.9502,1.018386,0.91798,0.8271,0.7704,0.798679,0.723786,0.6599,0.592878,0.797166,0.759983,0.719978,0.6177,0.496775,0.5023,0.3939,0.620559,0.501053,,0.263252,-0.001397
30,每股指标,每股营业收入,0.574327,1.677833,1.397572,0.858724,0.523475,2.188785,1.533448,1.012187,0.50088,2.207545,1.817601,1.137333,0.635077,3.981318,2.955685,1.953568,0.970737,3.743652,2.804493,1.797989,0.833026,3.267522,2.376861,2.251854,1.369529,5.362032,3.943034,2.625449,1.268245,4.897855,3.649119,2.412115,1.208297,4.806677,3.5478,2.331685,1.12017,4.4707,3.3015,2.141151,1.0298,4.063752,3.008766,1.990786,0.96677,3.686392,2.700463,1.7637,0.857888,3.361286,2.37876,1.5416,0.753678,2.87486,2.0428,1.347681,0.668186,2.6519,1.969758,1.3143,0.6563,2.3334,1.953381,1.2747,0.621061,2.409797,1.782559,1.1879,0.5897,2.1493,1.5204,0.979579,0.446053,1.5739,1.0936,0.714288,0.349186,1.061851,0.698265,0.3953,0.411361,1.566092,,1.3973,1.3004
31,每股指标,每股营业总收入,0.574327,1.677833,1.397572,0.858724,0.523475,2.188785,1.533448,1.012187,0.50088,2.207545,1.817601,1.137333,0.635077,3.981318,2.955685,1.953568,0.970737,3.743652,2.804493,1.797989,0.833026,3.267522,2.376861,2.251854,1.369529,5.362032,3.943034,2.625449,1.268245,4.897855,3.649119,2.412115,1.208297,4.806677,3.5478,2.331685,1.12017,4.4707,3.3015,2.141151,1.0298,4.063752,3.008766,1.990786,0.96677,3.686392,2.700463,1.7637,0.857888,3.361286,2.37876,1.5416,0.753678,2.87486,2.0428,1.347681,0.668186,2.6519,1.969758,1.3143,0.6563,2.3334,1.953381,1.2747,0.621061,2.409797,1.782559,1.1879,0.5897,2.1493,1.5204,0.979579,0.446053,1.5739,1.0936,0.714288,0.349186,1.0747,0.7075,0.403,0.4185,1.588779,,1.4193,1.305583
32,每股指标,每股息税前利润,0.037955,-0.550564,-0.297673,-0.258894,-0.030769,-0.169615,-0.201588,-0.19906,-0.065883,,,,,0.724644,0.460102,0.334897,0.182003,0.822449,0.640311,0.483798,,1.070739,0.761114,0.741087,0.470524,1.668014,1.217892,0.80657,0.39577,1.491924,1.100175,0.729925,0.371289,1.316213,0.899881,0.613694,0.3069,1.139463,0.830784,0.5708,0.2829,0.982375,0.7507,0.5117,0.2449,0.9145,0.6753,0.4407,0.216463,0.772675,0.6301,0.3995,0.213358,0.7178,0.5504,0.3696,0.1775,0.691,0.556,0.372797,0.1916,0.604971,0.59589,0.3588,0.178965,0.621291,0.4907,0.2972,0.161551,0.5003,0.3717,0.252766,0.110197,0.4928,0.427362,0.347966,0.1842,0.438063,0.2959,0.1415,0.1763,0.599357,,0.5081,0.499794
33,盈利能力,净资产收益率(ROE),0.26,-6.03,-3.49,-2.87,-0.45,-2.18,-2.64,-2.2,-0.82,-1.46,-1.81,-1.01,-0.09,6.42,3.91,2.86,0.72,7.36,5.9,4.55,2.85,12.24,10.43,6.93,2.94,13.53,10.59,7.01,3.86,13.97,10.48,7.03,3.434,13.38,9.36,6.56,3.173,11.91,8.94,6.06,2.95,10.64,8.2,5.51,,10.36,,4.88,,9.28,,4.33,2.481,9.04,,4.25,,8.52,,,,8.4,,,,7.19,,,,6.35,,3.25,,7.23,,5.74,,10.27,,4.64,,23.86,,28.33,
34,盈利能力,摊薄净资产收益率,0.259533,-6.231374,-3.549446,-2.908088,-0.453661,-2.216133,-2.687134,-2.236641,-0.827475,-1.299255,-1.867773,-1.02315,-0.380397,6.320296,4.077168,2.947503,1.535882,7.230988,5.847831,4.48369,2.803399,10.63417,8.293982,5.656542,3.753764,13.430749,9.938617,6.806707,3.374538,13.382089,10.025179,6.885229,3.518356,12.809754,9.251582,6.702586,3.125582,11.5805,8.8563,6.189,2.9051,10.4218,8.1896,5.676,2.556567,10.1472,7.416082,5.035377,2.4807,8.969,7.1839,4.442863,2.481197,8.783152,6.28,4.3,2.018,8.31,6.54,4.46,2.328,6.49,7.22,4.521,2.334,7.01,5.430984,3.232,1.7791,6.31,4.95,3.37,1.55,7.15,6.67,5.58,3.1,7.84,5.47,2.61,5.64,23.88,,28.05,21.88
35,盈利能力,净资产收益率_平均,0.259856,-6.034313,-3.485986,-2.865614,-0.452626,-2.160223,-2.613991,-2.181426,-0.815203,-1.38061,-1.813344,-1.0068,-0.375553,6.586915,4.106827,2.98769,1.547411,7.37492,5.981653,4.582169,2.843283,12.573018,9.580116,6.458179,3.839807,14.12163,10.570799,7.121851,3.533797,14.035606,10.448556,7.077779,3.580355,13.41208,9.441185,6.743493,3.174,11.9693,9.023794,6.2174,2.949057,10.685159,8.287658,5.669959,2.589486,10.3864,7.4811,5.0211,2.511057,9.223,7.2739,4.433881,2.512365,9.037378,6.3798,4.323054,2.038563,8.51639,6.640668,4.480077,2.35585,7.399,7.096699,4.4404,2.291688,7.188576,5.509399,3.2319,1.794996,6.311968,4.901166,3.309989,1.5608,7.739183,6.813956,5.735651,3.1503,11.559085,8.0204,3.79059,5.48,23.864769,,30.330059,21.882888
36,盈利能力,净资产收益率_平均_扣除非经常损益,0.222305,-6.321303,-3.630598,-2.969032,-0.49716,-2.41986,-2.790616,-2.295073,-0.873856,-3.602409,-2.922032,-2.021187,-1.111867,6.251241,3.767102,2.814899,1.48833,7.042204,5.955558,4.56787,2.836825,12.324472,9.759355,6.453465,3.795535,14.099863,10.476076,7.027427,3.485943,13.857186,10.267955,6.974021,3.526308,13.685584,9.2351,6.590592,3.0732,12.24736,8.818966,6.0795,2.8792,11.4462,7.92826,5.36836,2.365678,10.0216,7.270154,4.880186,2.436864,9.094366,7.2142,4.370151,2.506571,9.0312,6.3389,4.2833,2.0127,8.5604,6.654277,4.491692,2.3545,7.3618,7.083175,4.430073,2.2892,7.1976,5.509399,3.2125,1.7887,6.291,4.8705,3.2958,1.5547,7.3236,6.890069,5.7939,3.1891,11.531569,8.0374,3.801868,5.4898,23.864769,,20.2879,21.882888
37,盈利能力,摊薄净资产收益率_扣除非经常损益,0.222029,-6.527736,-3.696691,-3.01304,-0.498297,-2.482491,-2.868702,-2.353165,-0.887011,-3.390131,-3.00974,-2.05401,-1.126206,5.980633,3.754297,2.807495,1.477241,6.904766,5.822319,4.469698,2.797032,10.423951,8.449158,5.652413,3.502643,13.410046,9.762393,6.716461,3.329005,13.211977,9.882096,6.784294,3.465245,13.070975,9.049673,6.5506,3.0263,11.849567,8.6553,6.051772,2.8363,11.1641,7.834462,5.3741,2.3356,9.7908,7.2069,4.894,2.4074,8.8439,7.1249,4.379,2.475475,8.777165,6.24,4.26,1.992,8.36,6.56,4.474387,2.328,6.45,7.21,4.411,2.331,7.02,5.430984,3.2205,1.7729,6.29,4.916183,3.35,1.5459,7.17,6.744476,5.63,3.139658,7.82,5.4851,2.62,5.6458,18.63,,18.77,21.882888
38,盈利能力,息税前利润率,6.608688,-32.813992,-21.299302,-30.148767,-5.877975,-7.749309,-13.146107,-19.666401,-13.153461,,,,8.650577,18.201111,15.566688,17.142861,18.749039,21.969171,22.831628,26.907737,34.29809,32.769145,32.02183,32.910101,34.356665,31.107876,30.887197,30.721227,31.206116,30.460779,30.149075,30.260818,30.728313,27.383016,25.36437,26.319774,27.4002,25.4873,25.1638,26.660452,27.474,24.174085,24.951453,25.705073,25.333,24.808694,25.0086,24.988681,25.232093,22.987479,26.488753,25.917253,28.3089,24.9694,26.944469,27.425459,26.5676,26.0573,28.2285,28.364482,29.199562,25.9263,30.50559,28.147591,28.816,25.7819,27.528263,25.0191,27.395397,23.277292,24.449292,25.803599,24.704981,31.312854,39.077277,48.7151,52.76067,40.7613,41.8275,35.116485,42.1289,37.724385,38.4417,35.799268,38.281285
39,盈利能力,总资产报酬率,0.333519,-4.783007,-2.560297,-2.219264,-0.265793,-1.491114,-1.761375,-1.728622,-0.568354,,,,,5.631364,3.593109,2.610161,1.432353,6.864692,5.252705,3.960828,2.570862,11.006146,8.308015,5.698806,2.993674,12.718288,9.538617,6.389776,3.187369,14.603792,11.102051,7.342379,3.772743,14.399459,10.109176,6.8812,3.49616,13.0425,9.484589,6.328878,3.1761,10.871287,8.22,5.5184,2.667393,9.591692,6.65345,4.49966,2.209273,7.890788,6.6737,4.193074,2.1644,8.1522,6.94809,4.579251,2.228955,8.765256,6.922355,4.6425,2.4178,8.3682,7.9959,4.7537,2.345462,8.08837,6.193451,3.768484,2.033363,6.376855,4.700573,3.209284,1.3854,8.105,7.533259,7.763452,4.156563,14.6395,10.1029,4.9805,6.021275,23.1247,,23.276,25.469118
40,盈利能力,总资本回报率,0.513396,-7.226502,-3.748435,-3.250134,-0.392069,-2.119059,-2.523946,-2.486214,-0.815018,-0.691749,-1.507493,-0.40018,0.654668,8.722721,5.603007,4.010112,2.254383,9.959538,7.060202,5.71447,3.357772,14.325327,10.745189,7.674149,3.955985,16.737209,12.133145,8.163582,4.00248,19.182261,14.234432,9.58431,4.926969,18.611554,13.096872,9.049,4.483067,16.509895,12.2277,8.1402,3.9961,13.610568,10.51528,7.1595,3.375784,12.502683,8.823154,6.161573,2.986,10.910868,9.348661,5.8088,3.0589,10.752198,8.468087,5.604176,2.684259,10.8817,8.8718,5.996,3.0761,10.0478,10.459966,6.19487,3.041483,9.0847,7.5693,4.2777,2.2876,9.0766,7.1407,4.885471,2.7444,12.6682,11.0636,8.9417,4.797891,17.0985,11.7684,5.7515,8.084896,29.936177,,31.154968,33.351486
41,盈利能力,投入资本回报率,0.255619,-5.940814,-3.337024,-2.743581,-0.445256,-2.142359,-2.592937,-2.163912,-0.808729,-1.357396,-1.701203,-0.972632,-0.362811,6.24686,3.801702,2.73701,1.457333,6.607876,4.894901,4.013016,2.458152,10.317331,8.027904,5.666279,2.965203,12.161244,9.155959,6.153444,3.053671,14.007987,10.421283,7.05903,3.57077,13.37349,9.427086,6.723088,3.1645,11.2758,8.5063,5.5967,2.657454,9.0729,7.0186,4.733765,2.16,8.286984,5.619,3.9889,1.998399,7.217359,5.885,3.4641,1.9642,7.084173,5.065997,3.347685,1.582581,6.651877,5.2038,3.499787,1.851294,5.2117,5.3148,3.2265,1.621665,4.2972,3.437,1.860786,1.022259,4.563,3.715856,2.504553,1.5573,7.7213,6.813956,5.735651,3.1503,11.559085,8.0204,3.79059,5.48,23.864769,,30.330059,21.882888
42,盈利能力,息前税后总资产报酬率_平均,0.189911,-3.484156,-2.297508,-1.684572,-0.281428,-0.954051,-1.780268,-1.459533,-0.556321,-0.804227,-1.097107,-0.604164,-0.242907,4.514049,2.596168,2.028751,1.008104,5.346445,3.724958,3.014578,1.897768,8.201895,6.224719,4.272222,2.260013,9.318693,7.21687,4.837426,2.428522,11.008341,8.452589,5.681573,2.861657,11.005276,7.772763,5.437005,2.634878,9.668817,7.021271,4.820886,2.256363,8.211988,5.792854,4.208802,1.807365,7.342696,4.420953,3.280687,1.519821,6.008478,4.466693,3.224747,1.472761,6.267557,4.393563,3.577366,1.40551,6.697802,4.378735,3.576029,1.579158,5.887129,4.539196,3.301066,1.326536,5.929576,3.104675,2.847371,1.034204,4.628355,2.493835,2.144558,0.777266,5.459992,4.895873,5.230063,2.870629,10.43165,7.145636,3.3322,4.269291,19.071994,,22.979441,17.150269
43,盈利能力,毛利率,16.925263,-24.123751,-10.776395,-21.157045,1.817792,-0.915747,-5.405804,-9.263499,-3.34593,-1.155579,-2.563562,-5.120607,4.713887,26.247254,23.389099,24.681802,22.260058,29.748148,28.560307,32.150736,39.712422,40.562664,38.951458,39.462722,38.675561,39.610373,39.360239,38.913193,39.52466,40.02813,40.011836,39.848031,39.687548,38.623691,34.375979,34.974665,35.997562,36.5677,34.201965,35.318494,36.170595,38.9539,37.3262,36.974593,37.0413,37.3863,38.2444,38.067787,39.8023,36.5531,39.2844,38.881494,41.5976,42.5477,42.4424,42.9182,40.0656,42.17509,43.51449,43.916196,45.4998,46.75426,48.208,47.486477,48.565978,47.6717,47.88309,46.5783,48.447077,44.8186,46.783393,49.415255,49.9156,55.342158,61.1025,69.6817,70.4985,64.327698,63.7209,57.800752,64.35505,61.033066,61.5039,58.9871,59.7727
44,盈利能力,销售净利率,3.763093,-27.494356,-19.113142,-26.108757,-6.223728,-7.439931,-13.287112,-16.654456,-12.87498,-4.439158,-7.590302,-7.173201,-4.831853,13.723745,11.247566,12.240916,13.195758,14.99879,16.191058,19.238507,25.318288,23.681611,23.992121,24.472129,25.936863,22.571966,23.369099,23.25773,23.776584,22.96134,22.954115,23.415984,23.307683,20.9284,19.5022,20.795884,20.650172,18.48835,18.6283,19.4504,19.5178,16.9283,17.583954,17.849463,17.165068,17.2279,16.6172,16.7129,17.357875,16.106569,17.728786,16.5009,19.262478,17.132472,17.038094,17.376691,16.7527,16.9641,17.855956,17.925588,19.070971,14.620686,17.3177,15.473986,16.297652,12.7236,13.799466,12.159887,13.93378,12.1694,12.97129,13.3577,13.860379,19.752393,25.396365,32.814957,36.437872,29.396766,29.977286,23.946897,30.3898,31.563696,32.522594,35.899676,25.8799
45,盈利能力,成本费用利润率,4.04359,-20.099398,-15.451944,-19.482518,-5.755208,-6.719665,-11.379397,-13.79443,-11.183402,-4.139573,-6.879073,-6.399396,-4.912247,16.730101,13.403932,14.841574,16.381578,19.001034,20.528455,25.924124,39.138334,35.226852,35.364242,36.299728,38.761948,33.050302,33.978074,33.665598,35.28091,33.2513,33.48997,34.301703,34.625341,29.623173,26.4795,28.577977,28.7533,25.1185,24.9693,26.469284,26.8793,23.4318,24.03,24.4664,23.169979,23.247184,22.79985,22.984674,23.940255,21.602574,24.6108,22.559951,27.6941,24.138067,24.0533,24.6606,23.1587,23.5111,25.0627,25.186871,26.9432,19.7741,24.72185,21.4935,22.745783,16.5358,18.1946,15.535,18.2767,15.6319,17.1264,17.9313,18.366158,29.942273,43.5254,69.2391,85.2405,54.604496,56.723196,38.2612,57.2338,54.037087,55.838375,59.912692,46.049685
46,盈利能力,营业利润率,4.359249,-36.490947,-23.939267,-33.390737,-8.067014,-10.453084,-15.573517,-19.877505,-15.57546,-3.34614,-6.019832,-3.999911,13.298977,17.240726,14.475938,15.668791,17.509578,19.725875,21.490355,25.585249,34.513674,32.018344,32.673266,32.685526,32.174359,30.813434,30.763337,30.851073,31.367228,31.010397,30.399264,30.752676,30.899729,28.51032,25.224497,26.1777,26.855459,25.58479,24.254564,25.241266,26.020194,24.56395,22.501461,22.71636,21.5179,22.511089,22.734565,22.860973,22.886692,21.5555,23.815,22.191,25.8909,22.877184,23.236367,23.1749,22.7737,23.2177,24.52548,24.4907,25.132,22.1513,26.327273,24.0285,24.748498,19.603286,20.580864,18.200859,20.429869,18.494,20.690889,21.8341,21.0627,30.0719,38.1921,49.1867,53.912195,43.7928,44.773357,35.215095,44.436567,38.8027,39.088,37.271866,40.5937
47,盈利能力,总资产净利率_平均,0.166037,-3.932049,-2.27929,-1.873378,-0.301849,-1.507509,-1.809522,-1.504531,-0.563968,-0.953536,-1.150519,-0.650517,-0.241032,4.032955,2.437964,1.781505,0.925937,4.554531,3.641748,2.781512,1.882072,7.926803,6.207052,4.207766,2.243904,9.241099,7.198067,4.816406,2.431787,10.664527,8.128011,5.407805,2.734257,10.346854,7.276552,5.112481,2.467873,8.907693,6.598052,4.3513,2.1121,7.2469,5.486593,3.6487,1.706756,6.3575,4.2372,2.913,1.478557,5.2196,4.2011,2.500585,1.389867,5.371154,4.156665,2.7354,1.3141,5.3581,4.0603,2.709769,1.4551,4.3405,4.0628,2.4759,1.250559,3.8259,2.812293,1.639272,0.9086,3.205793,2.446063,1.64525,0.786155,4.94,4.6396,4.979859,2.7292,9.8967,6.8853,3.2824,4.081271,18.434756,,22.659755,16.711035
48,盈利能力,总资产净利率_平均(含少数股东损益),0.189911,-4.00761,-2.297508,-1.921877,-0.281428,-1.431584,-1.780268,-1.463881,-0.556321,-0.883721,-1.097107,-0.652235,-0.242907,4.246081,2.596168,1.863794,1.008104,4.686661,3.724958,2.831914,1.897768,7.953923,6.224719,4.237663,2.260013,9.228427,7.21687,4.837426,2.428522,11.008341,8.452589,5.681573,2.861657,11.005276,7.772763,5.437,2.634878,9.460956,7.021271,4.6173,2.256363,7.612799,5.792854,3.83197,1.807365,6.660765,4.420953,3.009464,1.5198,5.5288,4.466693,2.6696,1.472761,5.5935,4.393563,2.9014,1.4055,5.7064,4.3787,2.933951,1.579158,4.7191,4.539196,2.6133,1.3265,3.991695,3.104675,1.831572,1.0342,3.3338,2.4938,1.66135,0.777266,5.1127,4.895873,5.2295,2.8706,10.43165,7.1456,3.3316,4.269291,19.071994,,22.9794,17.150269
49,成长能力,归母净利润,44726227.5,-1071204611.73,-627184925.64,-517233391.47,-82702163.22,-405846660.4,-490145413.05,-410046869.28,-154723719.92,-250252741.45,-299385012.9,-168377102.34,-63008996.95,1073896263.95,646009904.87,472998415.29,243466874.34,1129170962.91,918641025.99,703051235.0,432826612.21,1595784592.59,1176700708.32,780903028.42,407846549.47,1393853026.37,1056932376.4,699161580.52,347243361.49,1252912553.39,926277348.71,618245247.4,309451513.69,1087642575.52,744891353.11,524344963.94,249154031.79,894957615.68,664635416.02,451345703.26,216375017.35,753089789.84,576252796.06,389103213.64,180215609.8,697102478.89,494608509.16,328126981.55,166598374.14,587778570.54,456151344.95,274013149.08,157556852.5,543894656.68,378685744.03,253905290.54,120362159.31,485774462.75,375066200.54,250235105.32,132641967.28,360862631.91,302777791.6,186879370.18,95421081.16,293881503.35,222818143.74,129282630.95,72191445.42,251512856.24,193439102.17,129581746.29,62531691.47,300390688.05,263207860.8,223202810.32,120968226.44,296143763.64,201695428.91,93269866.43,71703867.16,286680304.5,136567896.71,296790169.3,196757724.33
50,成长能力,营业总收入,1359270870.5,3970959862.12,3307660191.44,2032359107.9,1238918088.11,5180238340.82,3629240652.5,2395562379.95,1185443639.61,5224638139.32,3761200353.53,2353508327.45,1314178096.01,8238623227.28,6116260772.09,4042560015.27,2008767235.77,7746817875.68,5803394924.71,3720615775.06,1723798620.17,6761550874.37,4918489181.87,3213661518.38,1583747526.69,6166683056.12,4534592334.78,3019266583.12,1458481996.2,5632533698.58,4196487790.03,2773932728.75,1389542513.23,5527678576.31,4079988837.69,2681437778.79,1288196061.04,5141313419.26,3796730790.04,2462324707.53,1184294457.58,4673315397.0,3460081754.52,2289404113.94,1111786173.66,4239351634.93,3105533447.91,2028306165.18,986571753.74,3865479479.2,2735574710.42,1772855408.44,866730658.67,3306089482.58,2349252600.06,1549833425.46,768414498.45,3049701649.16,2265222000.34,1511455848.98,754796835.01,2683440041.75,1953381247.08,1274734794.43,621061130.22,2409797561.55,1782559040.05,1187910368.91,589704365.51,2149308234.93,1520411535.9,979579514.6,446053032.57,1573941614.2,1093635054.1,714288559.48,349186247.05,1074704071.12,707547899.46,403001804.17,251104992.19,953267504.3,438115290.63,851587747.68,783349967.97
51,成长能力,净利润,51150627.1,-1091789852.15,-632197812.49,-530623709.84,-77106896.98,-385406197.12,-482221301.92,-398967903.86,-152625642.33,-231929979.51,-285486472.21,-168821898.41,-63499154.35,1130647703.38,687930527.14,494846402.02,265072071.73,1161928946.16,939631066.07,715790949.4,436436314.2,1601244176.32,1180049882.34,786451405.75,410774438.58,1391941654.59,1059693410.16,702212899.01,346777207.37,1293305229.2,963266648.28,649543648.95,323870176.92,1156854699.43,795687915.22,557628693.83,266014710.68,950544033.99,707267177.96,478932761.39,231148687.45,791113116.51,608419202.34,408646352.71,190838853.21,730351975.23,516053775.41,338989572.7,171247892.84,622596120.29,484984203.71,292537697.19,166953807.41,566414871.8,400267874.44,269309766.39,128730371.03,517354519.46,404477056.48,270937349.97,143947088.67,392337364.15,338280716.22,197252285.1,101218384.32,306614045.16,245983643.31,144448567.17,82168111.4,261558105.73,197217004.55,130849772.21,61824644.44,310891146.57,277743555.6,234393483.71,127236038.12,312149875.5,209321026.94,94666964.26,75007201.43,296590044.66,140611151.48,300977320.37,201929320.36
52,成长能力,扣非净利润,38262999.79,-1122150771.32,-653202990.1,-535900038.65,-90839201.65,-454625431.05,-523264094.46,-431409322.63,-165855895.88,-652981325.94,-482430603.18,-338023087.61,-186544940.33,1019169757.21,592570670.28,445642831.77,234171165.81,1078229015.37,914633402.37,700857214.35,431843540.39,1564238738.86,1198716151.01,780332987.27,403144259.39,1391704515.38,1047461452.4,689891788.55,342541071.41,1236985620.34,910266848.94,609181943.73,304780212.9,1109822180.45,728634643.2,512456052.91,241242513.55,915748005.55,649549067.16,441335400.71,211250215.13,806728917.26,551263376.48,368405806.69,164639655.71,672617938.34,480660408.45,318916937.0,161675939.64,579579931.44,452407528.76,270074620.87,157193491.98,543523889.92,376258989.79,251572756.54,118836210.07,488286010.39,375834816.13,250883867.64,132567211.82,359047850.52,302200773.48,186444184.28,95319413.74,294250621.53,222818143.74,128505024.13,71939570.13,250678611.76,192229258.94,129027021.22,62288072.62,284261692.89,266147919.59,225471451.35,122457933.39,295438801.64,202122756.97,93547376.99,71832404.3,286680304.5,136405881.56,198524349.12,196757724.33
53,成长能力,营业总收入增长率,9.714345,-23.34407,-8.860819,-15.161503,4.510922,-0.849815,-3.508446,1.786866,-9.795815,-36.583601,-38.504905,-41.781734,-34.57788,6.348482,5.391083,8.652982,16.531433,14.571612,17.991413,15.774973,8.843018,9.646479,8.465961,6.438481,8.58876,9.483287,8.056845,8.844261,4.961307,1.89691,2.855374,3.449453,7.867315,7.514911,7.460577,8.8986,8.773291,10.014261,9.7295,7.553083,6.521783,10.236559,11.416663,12.8727,12.691871,9.672077,13.523985,14.409,13.826797,16.919989,16.444468,14.390061,12.794677,8.40698,3.709596,2.5391,1.8041,13.648958,15.964152,18.5702,21.5334,11.3554,9.582976,7.309,5.31737,12.119682,17.241878,21.267375,32.204989,36.555779,39.023665,37.140585,27.7407,46.453489,54.5669,77.242,39.059858,12.738981,,-8.014668,,11.94,,8.711,
54,成长能力,归属母公司净利润增长率,154.081085,-163.943187,-27.95895,-26.140065,46.54849,-62.174711,-63.717418,-143.528878,-145.558138,-123.30325,-146.343718,-135.597815,-125.879905,-4.895157,-29.677655,-32.722056,-43.749559,-29.240389,-21.930783,-9.969457,6.124867,14.487292,11.331692,11.691352,17.452655,11.249027,14.105389,13.088063,12.212526,15.195247,24.350664,17.908112,24.200885,21.530065,12.075182,16.173691,15.149167,18.8381,15.337473,15.996395,20.0645,8.0314,16.50685,18.5831,8.17369,18.5995,8.43079,19.7486,5.738577,8.068458,20.4564,7.9194,30.9023,11.9644,0.965,1.466694,-9.25786,34.614786,23.875069,33.9019,39.006984,22.791883,35.8856,44.551,32.1778,16.8455,15.1877,-0.2308,15.447773,-16.2714,-26.507095,-41.944393,-48.3073,1.434075,30.497682,139.308598,68.7053,3.301,,-31.704398,,-3.4064,,50.8404,
55,收益质量,经营活动净现金/销售收入,0.185284,0.218714,0.134083,0.08209,0.143506,0.163091,0.096544,0.145408,0.144908,-0.006627,0.119222,0.160858,0.477687,0.371715,0.400911,0.349757,0.210884,0.402657,0.444373,0.463804,0.369263,0.318428,0.323572,0.500286,0.280182,0.317204,0.289969,0.334646,0.066904,0.313492,0.2881,0.38383,0.161267,0.329939,0.279896,0.3086,0.0857,0.382386,0.375564,0.363793,0.1832,0.38445,0.356,0.383769,0.238369,0.309,0.2444,0.223174,0.061099,0.4259,0.5781,0.3806,0.2472,0.3494,0.2683,0.3039,0.194077,0.3267,0.2322,0.150586,0.1023,0.426193,0.4647,0.191459,0.271296,0.432284,0.3405,0.3036,0.299883,0.216397,0.3034,0.1865,0.183,0.18519,0.2523,0.277773,0.409397,0.3597,0.3955,0.531681,0.4605,0.3026,0.288585,,
56,收益质量,经营性现金净流量/营业总收入,0.185284,0.218714,0.134083,0.08209,0.143506,0.163091,0.096544,0.145408,0.144908,-0.006627,0.119222,0.160858,0.477687,0.371715,0.400911,0.349757,0.210884,0.402657,0.444373,0.463804,0.369263,0.318428,0.323572,0.500286,0.280182,0.317204,0.289969,0.334646,0.066904,0.313492,0.2881,0.38383,0.161267,0.329939,0.279896,0.3086,0.0857,0.382386,0.375564,0.363793,0.1832,0.38445,0.356,0.383769,0.238369,0.309,0.2444,0.223174,0.061099,0.4259,0.5781,0.3806,0.2472,0.3494,0.2683,0.3039,0.194077,0.3267,0.2322,0.150586,0.1023,0.426193,0.4647,0.191459,0.271296,0.432284,0.3405,0.3036,0.299883,0.216397,0.3034,0.1865,0.183,0.18519,0.2523,0.277773,0.409397,0.3554,0.3903,0.5215,0.45265,0.298299,0.284786,,
57,收益质量,成本费用率,93.063168,136.791934,123.69409,134.011204,108.14079,110.718784,116.764643,120.733197,115.125795,107.237105,110.339018,112.091851,98.363391,82.030262,83.912441,82.477213,80.552423,78.936702,78.871295,74.210827,64.689234,67.22602,67.84288,67.416838,66.913209,68.295795,68.776997,69.084561,67.392208,69.053961,68.540267,68.264784,67.313946,70.648745,73.650199,72.7689,71.8184,73.6044,74.604854,73.483,72.61279,72.244898,73.1749,72.9549,74.0832,74.1075,72.883083,72.7134,72.50497,74.558562,72.036576,73.142592,69.5543,70.976986,70.8346,70.4633,72.338759,72.1535,71.245077,71.170362,70.782079,73.938469,70.050178,71.9936,71.6513,76.946,75.843579,78.2739,76.2378,77.8496,75.738384,74.494,75.466952,65.96825,58.348356,47.393663,42.7471,53.835797,52.848373,62.5879,53.0976,58.411172,58.244162,59.919985,56.199986
58,收益质量,期间费用率,9.988431,12.668182,12.917695,12.854159,9.958582,9.803036,11.358839,11.469697,11.779864,6.081526,7.775455,6.971244,3.077279,8.277516,7.30154,7.159015,2.812481,8.684851,7.431603,6.361564,4.401657,7.788685,6.794339,6.87956,5.588771,7.906168,8.137237,7.997755,6.916869,9.082092,8.552104,8.112816,7.001495,9.272437,8.026178,7.743579,7.815974,10.1721,8.8068,8.8015,8.783385,11.1988,10.5011,9.9295,11.1245,11.493863,11.1275,10.78119,12.3073,11.111688,11.320979,12.024087,11.151959,13.5247,13.277057,13.381565,12.4044,14.328595,14.759568,15.086559,16.281897,20.6927,18.2582,19.4801,20.21729,24.617766,23.726669,24.852252,24.6849,22.668253,22.521777,23.909263,25.38258,21.3104,19.450885,17.075368,13.245663,18.163495,16.5693,20.388671,17.452682,19.4442,19.748068,18.9071,15.9727
59,收益质量,销售成本率,83.074736,124.123751,110.776395,121.157045,98.182207,100.915747,105.405804,109.263499,103.34593,101.155579,102.563562,105.120607,95.286112,73.752745,76.6109,75.318197,77.739941,70.251851,71.439692,67.849263,60.287577,59.437335,61.048541,60.537277,61.324438,60.389626,60.63976,61.086806,60.475339,59.971869,59.988163,60.151968,60.312451,61.376308,65.624,65.0253,64.0024,63.432271,65.798,64.6815,63.8294,61.046085,62.673781,63.0254,62.958675,62.613677,61.755568,61.9322,60.197659,63.446874,60.715597,61.1185,58.402389,57.452274,57.557579,57.081764,59.934354,57.8249,56.4855,56.0838,54.500181,53.2457,51.791968,52.5135,51.434,52.328258,52.1169,53.421663,51.5529,55.18135,53.2166,50.5847,50.084371,44.6578,38.89747,30.318294,29.50147,35.6723,36.279055,42.1992,35.6449,38.9669,38.496093,41.012863,40.227259
60,收益质量,经营活动净现金/归属母公司的净利润,5.630978,-0.810775,-0.707131,-0.322556,-2.149803,-2.081698,-0.714852,-0.849501,-1.11024,0.138363,-1.497802,-2.248412,-9.963128,2.851695,3.795732,2.989257,1.739938,2.762481,2.807274,2.4545,1.470648,1.349222,1.352501,2.058838,1.088003,1.403375,1.244064,1.445139,0.281009,1.409323,1.305234,1.722164,0.724144,1.676837,1.533074,1.5781,0.443159,2.1967,2.1454,1.984679,1.0028,2.3857,2.1377,2.258,1.470551,1.879384,1.5348,1.3795,0.3618,2.8011,3.467054,2.462699,1.360087,2.124,1.6646,1.855079,1.239,2.0511,1.402456,0.909564,0.5823,3.169251,2.9982,1.305974,1.765769,3.544689,2.724,2.7897,2.4496,1.8492,2.3849,1.409997,1.3056,0.9703,1.0483,0.8889,1.181764,1.289889,1.3693,2.2535,1.585168,0.9919,0.9136,,
61,收益质量,所得税/利润总额,15.242727,24.47678,20.065702,21.765806,23.050769,27.280806,13.604749,15.527613,17.020694,-56.291643,-34.928865,-106.5867,135.772763,20.832221,23.713131,23.777567,25.220649,24.468483,24.98102,25.045224,26.82019,26.066237,25.185137,25.185772,24.797511,26.921041,25.420425,25.611042,25.235443,26.16076,25.565815,24.940358,25.674078,25.347249,24.313496,22.338675,25.4226,26.285797,24.8797,24.619085,26.6279,25.888562,25.138779,25.471272,26.615391,25.2419,28.8404,28.827972,26.2996,25.3984,26.136482,26.617291,25.7623,25.202,27.115272,25.6677,27.290863,26.5948,27.0765,26.659451,24.1567,34.4586,34.3216,35.7271,34.2031,35.09955,33.183951,33.4623,31.961861,34.4035,37.659658,39.057084,34.3601,34.0953,33.040662,32.634475,31.667772,32.32395,33.791675,33.0991,32.662894,19.5819,17.984465,4.40435,34.711974
62,财务风险,流动比率,0.554937,0.503805,0.728354,0.707889,0.577464,0.554472,0.607171,0.590251,0.605204,0.629011,0.458213,0.35846,0.376224,0.362051,0.41502,0.395626,0.310393,0.387737,0.680411,0.464272,0.756475,0.764157,0.541531,0.600618,0.729474,0.802747,1.242779,1.369043,1.648097,0.93934,1.344915,1.319335,2.120042,1.993176,1.780551,1.5254,1.6503,1.4311,1.1234,0.965558,0.964189,0.8016,0.7082,0.65058,0.6193,0.555,0.6606,0.5396,0.528972,0.477773,0.4886,0.454571,0.534265,0.472583,0.7382,0.746594,0.702989,0.59788,0.599,0.5477,0.502859,0.421277,0.598451,0.584598,0.558864,0.506076,0.5512,0.7109,0.7044,0.614682,0.560495,0.5127,0.524379,0.471,0.5753,3.2744,3.113551,3.313669,3.2053,3.2418,3.01018,5.2765,,3.2034,3.88239
63,财务风险,速动比率,0.545807,0.495067,0.713343,0.690758,0.562982,0.543253,0.594379,0.581654,0.594337,0.618954,0.446329,0.350464,0.370041,0.353055,0.407711,0.386608,0.29986,0.38146,0.669844,0.456274,0.742312,0.74945,0.52521,0.582855,0.703114,0.775239,1.219498,1.345762,1.618042,0.906046,1.311857,1.290586,2.089462,1.96094,1.748069,1.4988,1.6201,1.4006,1.092463,0.9455,0.941,0.7793,0.692192,0.6361,0.603463,0.541679,0.651882,0.529,0.5194,0.4701,0.4808,0.448056,0.5286,0.467,0.728085,0.7373,0.692171,0.5871,0.5912,0.541,0.4958,0.4123,0.586884,0.5757,0.5505,0.496574,0.5432,0.6996,0.6948,0.6017,0.551177,0.504859,0.5187,0.4655,0.5692,3.2445,3.0824,3.2789,3.1623,3.193291,2.975984,5.2052,,3.151,3.8173
64,财务风险,保守速动比率,0.49994,0.452393,0.668831,0.617844,0.47911,0.469256,0.524025,0.505788,0.529799,0.554789,0.394255,0.305548,0.305585,0.296025,0.376124,0.356343,0.290073,0.355823,0.637348,0.436661,0.712041,0.690986,0.448078,0.522373,0.586404,0.675841,1.128434,1.260353,1.520541,0.813653,1.234973,1.221712,2.01024,1.888488,1.683071,1.442977,1.555093,1.342768,1.0188,0.8972,0.877981,0.7311,0.6162,0.575996,0.5352,0.484156,0.6029,0.4748,0.4576,0.4192,0.460651,0.43,0.514581,0.4552,0.689,0.708397,0.6629,0.5604,0.5665,0.510356,0.453,0.394873,0.555074,0.5411,0.513965,0.476954,0.510684,0.6576,0.65407,0.5707,0.494592,0.4685,0.468785,0.4349,0.5391,3.093263,2.9833,3.1542,3.0102,3.0304,2.8344,5.031085,,3.028078,2.582899
65,财务风险,资产负债率,35.182794,35.381987,34.828528,34.739647,32.029443,32.470676,33.632599,34.256301,33.84132,25.989969,37.232512,34.937961,35.833968,34.439623,38.247041,37.793886,37.311575,41.835089,43.347314,43.631611,33.763025,32.948062,27.194759,26.232891,38.931138,38.712775,36.27758,37.177225,34.983596,23.036232,19.530517,22.28177,20.661355,20.022851,20.190297,22.81085,19.106274,19.3307,22.084191,28.626194,25.471558,26.336,29.7628,33.6948,30.5671,33.3742,42.9585,40.109574,38.392054,40.1164,37.473992,40.305261,42.7287,43.1469,32.357482,35.995673,33.7101,33.110461,36.7221,38.020171,35.523283,37.043669,38.8505,41.730367,44.108498,41.8174,46.237,46.9586,47.166895,47.068785,48.830255,49.2514,47.921351,47.2832,41.91955,11.463592,11.665666,9.875351,9.5937,8.491875,25.6742,14.0736,,21.664356,17.404764
66,财务风险,权益乘数,1.565042,1.534648,1.529417,1.52965,1.499509,1.432974,1.444575,1.449903,1.445477,1.447883,1.576109,1.547691,1.558367,1.633272,1.684531,1.677059,1.671183,1.619248,1.642522,1.647366,1.510719,1.586139,1.543424,1.534823,1.711216,1.528133,1.46856,1.478664,1.453168,1.316102,1.285499,1.308808,1.309443,1.296247,1.29748,1.319,1.2861,1.3437,1.3676,1.4288,1.3962,1.4744,1.5105,1.553963,1.517197,1.6337,1.765567,1.723677,1.6983,1.766987,1.7314,1.7731,1.8076,1.682576,1.5348,1.580386,1.5512,1.5894,1.635494,1.6533,1.618988,1.7046,1.7467,1.7934,1.8325,1.8789,1.959,1.971574,1.97549,1.9689,2.003695,2.0118,1.985392,1.5666,1.4686,1.151769,1.154293,1.167968,1.164857,1.1548,1.3427,1.294552,,1.338498,
67,财务风险,权益乘数(含少数股权的净资产),1.5428,1.547556,1.534413,1.532323,1.471225,1.480838,1.506763,1.521058,1.511517,1.351168,1.593181,1.536994,1.558456,1.525311,1.619355,1.607559,1.59519,1.719249,1.765141,1.774043,1.50973,1.491381,1.373527,1.355617,1.637495,1.631661,1.569306,1.591779,1.538073,1.299312,1.242707,1.286699,1.260419,1.250357,1.25298,1.2955,1.236189,1.2396,1.2834,1.401074,1.341769,1.3575,1.4237,1.508178,1.4402,1.5009,1.7531,1.6697,1.623167,1.6699,1.5993,1.675189,1.746075,1.7589,1.47836,1.562394,1.5085,1.495,1.5803,1.6134,1.5509,1.5884,1.6353,1.716159,1.78918,1.7187,1.86,1.8853,1.892752,1.8892,1.954279,1.970498,1.920172,1.8969,1.7217,1.129478,1.132062,1.109574,1.1061,1.092799,1.3454,1.163787,,1.276558,1.2107
68,财务风险,产权比率,54.987206,55.450303,54.181143,54.05338,47.880663,48.839207,51.398561,52.711551,51.710194,35.485342,60.050564,54.29846,56.464454,53.086856,62.594264,61.318383,60.075513,72.50803,77.072221,78.002208,51.335854,49.444584,38.665211,36.81408,66.675763,66.187494,57.801344,60.116673,54.857326,30.565992,24.770257,29.258961,27.158809,26.11446,26.390453,30.799093,24.548575,24.887765,29.4336,41.611873,35.3763,36.9716,43.848175,52.537996,45.437685,51.6869,77.6498,69.1698,64.2831,69.1141,61.875389,69.824855,76.9843,78.255999,49.388069,58.1972,52.544554,51.110152,59.985272,63.453,56.8675,60.661189,66.1017,74.8303,82.564666,75.008265,90.1564,92.7268,93.502668,92.6538,99.548367,101.2526,95.901588,93.118378,74.6729,13.307675,13.603,11.278993,10.9102,9.532665,37.2448,17.4594,,29.5319,22.7913
69,财务风险,现金比率,0.334666,0.322005,0.407206,0.377793,0.236294,0.259414,0.309552,0.324932,0.325502,0.3739,0.19894,0.163767,0.209465,0.165261,0.224931,0.194382,0.112327,0.233683,0.492519,0.298118,0.476128,0.527136,0.229456,0.329989,0.208958,0.379587,0.833195,1.045107,1.130897,0.561767,0.839442,0.937299,1.527543,1.556905,1.245,1.140273,1.037475,1.00609,0.60518,0.634,0.489153,0.475053,0.300674,0.3522,0.2117,0.26755,0.4121,0.269278,0.197393,0.226,0.2642,0.1809,0.286758,0.247455,0.2918,0.312,0.236878,0.206389,0.2029,0.179972,0.1443,0.1772,0.2055,0.150767,0.167363,0.1711,0.145069,0.1766,0.2095,0.160988,0.205,0.172761,0.271694,0.274483,0.3613,2.0914,2.05185,2.2219,2.1473,2.331267,2.2146,3.979469,,2.636485,1.905988
70,营运能力,应收账款周转率,1.340441,3.652783,2.405573,1.537428,0.918645,4.353936,2.998372,2.112523,0.980579,5.044301,3.128273,2.308491,1.541789,7.726881,5.016278,3.224803,1.568526,7.788731,6.444657,3.404309,1.59052,8.48312,5.685384,4.172412,1.648905,8.962034,6.187704,4.882154,1.892554,8.932514,5.628592,4.120146,1.625785,8.944107,5.724278,4.300625,1.730265,8.529034,5.210037,3.591716,1.511488,7.043548,4.382169,3.185846,1.36083,5.633154,3.589692,2.441255,1.074164,4.412719,3.285558,1.793544,0.866867,3.464773,2.304248,1.398493,0.704318,3.717031,2.493865,1.725307,0.961602,3.479534,2.232869,1.292056,0.641464,2.649026,1.637809,1.135451,0.578676,2.771317,2.122614,1.350012,0.657576,3.171663,2.373971,1.534175,0.783251,3.296177,2.351858,1.629364,0.913161,5.089914,,6.42291,
71,营运能力,应收账款周转天数,67.142034,98.554968,112.239351,117.078642,97.970309,82.68379,90.048854,85.206155,91.78243,71.367665,86.30959,77.972992,58.373734,46.590593,53.824758,55.817355,57.378687,46.220617,41.895164,52.874153,56.585238,42.437215,47.490191,43.140506,54.581668,40.169448,43.634922,36.868966,47.554773,40.302199,47.969366,43.687768,55.357872,40.249964,47.1675,41.854379,52.0151,42.208761,51.823,50.1153,59.5439,51.1106,61.6133,56.4999,66.136075,63.907353,75.215365,73.732561,83.786084,81.5823,82.1778,100.359956,103.8221,103.902897,117.174869,128.709966,127.783,96.851466,108.265669,104.329199,93.593792,103.4621,120.9206,139.312763,140.3039,135.899,164.8543,158.5273,155.5274,129.9021,127.2016,133.3321,136.866152,113.5051,113.733455,117.326859,114.90559,109.2174,114.8028,110.4725,98.5587,70.728097,,56.049357,
72,营运能力,存货周转率,18.411346,76.731596,47.956625,29.685332,15.899435,80.068362,54.297425,44.466352,18.498253,81.214485,49.553651,38.494807,21.51762,94.239431,76.33609,44.714451,21.484344,77.474781,53.897862,31.463524,12.781111,53.264273,41.928229,27.279548,12.784087,49.160968,37.223692,24.879641,11.598568,46.717307,37.38226,24.776891,12.710615,57.7029,46.165618,31.109968,15.518971,60.722436,42.776013,28.623239,13.661863,58.317161,49.355601,31.806108,15.745522,70.820722,51.762116,33.119141,17.047427,84.863978,60.839977,40.935293,19.214862,68.757694,47.517803,30.153984,15.290508,61.53385,48.765535,34.08955,17.025045,52.067933,35.92296,25.701149,12.138745,44.222211,32.675603,22.311739,11.356222,46.853248,34.160608,22.96075,10.570814,39.909052,25.948302,14.086509,6.579051,24.01328,14.885778,10.023994,5.340345,22.114005,,23.147471,
73,营运能力,存货周转天数,4.888289,4.691678,5.630087,6.0636,5.660578,4.496157,4.972611,4.048004,4.865324,4.432706,5.448639,4.675955,4.182618,3.820057,3.53699,4.025544,4.189096,4.646673,5.009475,5.72091,7.041641,6.758751,6.439575,6.598349,7.040001,7.322882,7.253444,7.23483,7.759578,7.705923,7.222677,7.264833,7.080695,6.238854,5.8485,5.7859,5.799353,5.9286,6.3119,6.288596,6.587681,6.1731,5.4705,5.65929,5.7159,5.083257,5.21617,5.4349,5.279388,4.242082,4.437871,4.397183,4.683874,5.235777,5.68208,5.96936,5.886,5.8504,5.536697,5.2802,5.2863,6.914,7.516084,7.003577,7.414275,8.1407,8.263,8.0675,7.92517,7.683565,7.9038,7.839464,8.514,9.0205,10.4053,12.778183,13.679784,14.9917,18.1381,17.9569,16.8528,16.279275,,15.552454,
74,营运能力,总资产周转率,0.05046,0.145761,0.120205,0.07361,0.045218,0.192418,0.133984,0.087897,0.043209,0.199074,0.14454,0.090926,0.050272,0.309396,0.23082,0.152259,0.076396,0.312469,0.230062,0.1472,0.074956,0.335869,0.259448,0.173162,0.087135,0.408844,0.308821,0.207992,0.102139,0.479429,0.368238,0.242636,0.122777,0.525853,0.398558,0.261446,0.127595,0.511725,0.376913,0.237388,0.115605,0.449708,0.329439,0.214682,0.105293,0.386626,0.266046,0.180067,0.087558,0.343264,0.251945,0.161787,0.076457,0.326488,0.257867,0.16697,0.083897,0.336383,0.245225,0.163673,0.082804,0.322769,0.262113,0.168885,0.081394,0.313722,0.224985,0.150624,0.074222,0.273951,0.192258,0.124373,0.056078,0.258839,0.192778,0.159364,0.078781,0.359152,0.241537,0.141828,0.142925,0.612991,,0.650182,
75,营运能力,总资产周转天数,1783.575215,2469.792676,2246.149852,2445.305126,1990.332372,1870.917224,2015.157115,2047.84544,2082.876485,1808.371557,1867.985572,1979.616101,1790.55861,1163.554681,1169.740511,1182.193324,1178.070313,1152.113067,1173.593178,1222.823245,1200.697669,1071.845863,1040.66901,1039.483973,1032.877835,880.530063,874.292633,865.417011,881.149898,750.892645,733.220409,741.850365,733.033694,684.601084,677.4419,688.478097,705.3514,703.502461,716.3441,758.251459,778.511766,800.518871,819.573086,838.446889,854.7558,931.131785,1014.861057,999.622675,1027.8894,1048.753581,1071.658959,1112.573882,1177.1241,1102.643271,1047.051157,1078.032657,1072.738357,1070.207581,1101.0274,1099.747363,1086.899961,1115.3478,1030.089673,1065.807761,1105.7279,1147.510292,1200.078962,1195.0276,1212.5651,1314.0999,1404.3625,1447.253261,1604.899452,1390.820778,1400.570983,1129.4874,1142.4006,1002.36,1117.8405,1269.1409,629.700854,587.283988,,553.6909,
76,营运能力,流动资产周转率,0.374068,1.159897,0.884915,0.548819,0.367043,1.424306,0.951196,0.622181,0.303761,1.575545,1.229729,0.863325,0.462011,2.53115,1.681004,1.143153,0.641245,1.960836,1.300878,0.842442,0.402245,2.178846,2.202847,1.431295,0.734401,2.839202,1.542465,0.961698,0.469191,1.79937,1.225042,0.768935,0.321064,1.704529,1.372969,0.912788,0.477282,2.316443,1.800134,1.04945,0.551596,2.488054,1.837069,1.162985,0.620812,2.240202,1.195892,0.95686,0.482584,1.839972,1.368591,0.866901,0.366424,1.724533,1.291737,0.777359,0.422467,2.070998,1.418049,0.975237,0.544229,1.951953,1.322055,0.824884,0.393215,1.683489,1.088744,0.763038,0.37457,1.351232,0.902764,0.606332,0.236422,0.996269,0.703792,0.452494,0.227892,0.81071,0.559905,0.343861,0.188435,0.851302,,0.948088,
77,营运能力,流动资产周转天数,240.597533,310.372352,305.113872,327.976565,245.202362,252.754553,283.852911,289.304661,296.285276,228.492243,219.560483,208.49619,194.800301,142.227786,160.618269,157.459131,140.351759,183.595153,207.552128,213.66432,223.744179,165.225053,122.568644,125.760174,122.548798,126.796174,175.044411,187.168916,191.819355,200.069931,220.400467,234.089993,280.317387,211.201954,196.6541,197.197978,188.5675,155.4106,149.988751,171.5183,163.1626,144.6913,146.9732,154.7741,144.971359,160.6997,225.772888,188.115184,186.4958,195.655073,197.28305,207.636159,245.6164,208.7521,209.0208,231.553,213.0342,173.8292,190.4023,184.5704,165.3715,184.4306,204.2273,218.2124,228.8822,213.8415,247.9921,235.899,240.2752,266.4233,299.0811,296.8668,380.6742,361.3478,383.6358,397.7948,394.9237,444.0548,482.2243,523.4661,477.6178,422.8814,,379.7112,
78,营运能力,应付账款周转率,1.409621,5.973582,5.311671,3.39468,1.650577,6.76919,5.860966,3.56827,1.719287,7.022078,5.757339,3.685577,1.761487,10.481691,8.572825,5.710339,,16.063822,,7.120926,3.508783,17.633982,15.102627,10.13791,5.317092,23.648539,27.019725,17.24685,7.876192,32.658063,28.505775,17.604098,9.02814,36.367985,26.954727,19.578937,9.062767,31.847708,22.430251,14.698754,7.307743,29.938123,25.038699,16.658145,7.312057,33.449558,25.112436,17.135038,8.586047,38.00667,28.955487,20.912416,10.474395,38.168658,28.544871,19.158575,9.575363,31.809001,23.294531,16.283508,6.216792,22.873659,15.536824,11.404684,5.46478,21.812603,13.375865,9.365462,4.385948,22.27604,13.367181,7.985389,3.946154,20.443394,11.579051,12.158667,6.144258,14.092551,10.811481,7.579169,2.379489,13.789344,,21.401247,
